"Date_Sampled","Year","Irr_season","Depth_1","Field_ID","Soil_pH","Soluble_Salts","OM_pct","NO3_D1_ppm","Bicarb_P_ppm","SO4_ppm","ExchK_ppm","ExchCa_ppm","ExchMg_ppm","ExchNa_ppm","Zn_ppm","Fe_ppm","Mn_ppm","Cu_ppm","Boron_ppm","CEC_me_100g","treatment"
2000-04-14,2000,"Before","0-12","F2",7.4,0.54,3.4,2.3,25,8,463,900,239,162,3.2,82.5,62.3,3.5,0.9,8.4,"Sodium"
2000-04-14,2000,"Before","13-24","F2",7.3,0.48,1.3,4.2,7,7,108,1020,231,197,1.3,56.6,56.4,3,0.6,8.2,"Sodium"
2000-04-14,2000,"Before","25-36","F2",7.1,0.58,0.5,1.2,4,18,41,1430,493,94,0.1,25.7,37.6,1.5,0.6,11.8,"Sodium"
2001-08-03,2001,"During","0-12","F2",7.6,0.46,3.6,5.1,39,10,683,980,245,276,3.4,80,41,3.5,0.8,9.9,"Sodium"
2001-08-03,2001,"During","13-24","F2",7.9,0.56,0.5,7.8,3,13,215,1640,467,346,0.4,34.4,32.8,1.5,0.7,14.1,"Sodium"
2001-08-03,2001,"During","25-36","F2",8,0.4,0.5,3.6,4,9,161,1770,410,548,0.6,43.3,34.3,2.2,0.8,15.1,"Sodium"
2001-08-03,2001,"During","37-48","F2",8.1,0.4,1.3,4.1,12,7,289,1140,259,461,1.1,67.3,42,3.1,0.8,10.6,"Sodium"
2001-06-21,2001,"Before","0-12","F2",7.1,0.76,2.6,78,44,11,740,930,281,307,3.5,73.5,39.2,4.5,0.8,10.2,"Sodium"
2001-06-21,2001,"Before","13-24","F2",7.5,0.64,1.2,37,15,7,410,1290,259,498,1.3,50,46.4,2.7,0.8,11.8,"Sodium"
2001-06-21,2001,"Before","25-36","F2",7.5,0.48,0.9,24,10,10,261,1600,325,517,0.8,41.5,41.1,2.2,0.7,13.6,"Sodium"
2001-06-21,2001,"Before","37-48","F2",7.4,0.6,0.6,16,6,11,181,1700,377,471,0.4,35.8,37.6,1.7,0.7,14.2,"Sodium"
2001-10-18,2001,"During","0-12","F2",7.5,0.78,3.6,5.4,42,15,770,830,249,303,3.6,65.4,38.1,3,0.8,9.5,"Sodium"
2002-04-12,2002,"Before","0-12","F2",8.2,0.66,2.1,12.7,27,11,557,920,232,531,3.4,67.2,32.1,3.9,0.8,,"Sodium"
2002-04-12,2002,"Before","13-24","F2",8.2,0.48,0.9,11.8,9,12,235,1030,248,693,1.1,34.7,23.9,2.6,1.1,,"Sodium"
2002-04-12,2002,"Before","25-36","F2",8.3,0.54,0.6,6.4,3,13,100,1400,412,588,0.4,18,14.6,1.6,0.5,,"Sodium"
2002-04-12,2002,"Before","37-48","F2",8.2,0.54,0.5,5.4,3,11,72,1510,494,490,0.2,16.6,13.9,1.4,0.9,14,"Sodium"
2002-08-15,2002,"During","0-12","F2",6.9,0.82,3.1,41.7,24,13,486,1890,203,483,5.6,76,19.9,2.7,1.2,14.5,"Sodium"
2002-08-15,2002,"During","13-24","F2",7.6,0.64,1,14.8,10,17,196,1270,349,466,0.8,38.1,12.5,2.1,1.4,11.8,"Sodium"
2002-08-15,2002,"During","25-36","F2",7.6,0.66,0.3,5.3,3,29,66,1500,539,276,0.5,20.3,8.4,1,1.7,13.4,"Sodium"
2002-06-15,2002,"Before","0-12","F2",7.7,0.5,0.3,18.8,8,23,229,940,236,632,0.7,69.8,27.9,3.2,1.7,,"Sodium"
2002-06-15,2002,"Before","13-24","F2",8.1,0.72,0.5,43.6,11,10,174,990,228,536,1,26.4,15.9,2.2,1.4,,"Sodium"
2002-06-15,2002,"Before","25-36","F2",8.3,0.48,0.1,13.6,6,8,49,960,290,475,0.5,17.4,14.5,1.7,1.6,9.4,"Sodium"
2002-06-15,2002,"Before","37-48","F2",7.9,0.48,0.1,15.7,7,12,79,1140,326,457,0.3,25.6,16.5,1.7,1.3,10.6,"Sodium"
2002-10-16,2002,"During","0-12","F2",8.3,0.54,3.8,23.1,46,39,808,800,196,870,5.1,69.5,19.9,3.6,0.9,,"Sodium"
2002-10-16,2002,"During","13-24","F2",8.4,0.28,0.8,13.6,15,11,511,940,232,531,0.8,30.2,8.8,2.4,0.8,,"Sodium"
2002-10-16,2002,"During","25-36","F2",7.9,0.2,0.1,2.9,6,11,58,1290,419,366,1.1,12.9,2.3,0.8,0.2,11.7,"Sodium"
2003-06-24,2003,"Before","0-12","F2",7.8,0.48,1.4,13.9,27,3,656,750,228,375,4,42.1,16.6,2.7,,9,"Sodium"
2003-06-24,2003,"Before","13-24","F2",7.9,0.58,0.8,11.5,14,3,456,1040,264,523,2,29.4,12,1.9,,,"Sodium"
2003-06-24,2003,"Before","25-36","F2",7.8,0.6,1,16.7,20,3,455,940,250,422,2.8,36.4,14.1,2.3,,9.8,"Sodium"
2003-06-24,2003,"Before","37-48","F2",7.6,0.48,1.2,16.9,24,3,501,860,232,368,2.6,45.1,18.4,2.4,,9.1,"Sodium"
2003-09-10,2003,"During","0-12","F2",7.7,0.64,1.5,23.3,35,6,690,710,193,305,2.3,48.7,14.8,2.8,0.7,8.3,"Sodium"
2003-09-10,2003,"During","13-24","F2",8.3,0.46,0.4,1.4,10,4,270,1080,229,551,0.5,20.2,16.1,1.8,0.7,10.4,"Sodium"
2003-09-10,2003,"During","25-36","F2",8.1,0.42,0.2,0.3,8,3,100,1050,264,527,0.6,20.3,21.4,1.7,0.7,10,"Sodium"
2003-09-10,2003,"During","37-48","F2",8.2,0.5,0.2,0.9,8,3,105,1140,296,531,0.5,21.4,15.3,1.5,0.7,10.7,"Sodium"
2003-10-22,2003,"During","0-12","F2",8,0.46,1.6,6.8,24,4,528,850,214,539,2.1,52.5,10.9,2.7,0.8,9.7,"Sodium"
2003-10-22,2003,"During","13-24","F2",8.1,0.62,0.9,5.8,10,6,193,1400,345,732,0.5,28.1,6.7,2.1,0.6,13.6,"Sodium"
2003-10-22,2003,"During","25-36","F2",8,0.6,0.9,5.3,11,8,207,1390,341,729,0.6,29.8,7.2,2.1,0.7,13.5,"Sodium"
2003-10-22,2003,"During","37-48","F2",8,0.64,0.4,4.5,8,9,138,1390,359,692,0.8,31,7.6,2.3,0.5,13.3,"Sodium"
2004-06-15,2004,"Before","0-12","F2",7.2,0.4,2.5,6.3,51,9,652,810,203,271,3.7,79.9,47.2,3.6,0.9,8.6,"Sodium"
2004-06-15,2004,"Before","13-24","F2",7.8,0.42,2.1,7,45,9,682,700,196,411,7.8,79,51.1,3.5,0.4,8.7,"Sodium"
2004-06-15,2004,"Before","25-36","F2",8.8,0.6,0.4,5,14,6,207,980,248,793,0.8,20.7,19.7,1.8,0.3,10.9,"Sodium"
2004-06-15,2004,"Before","37-48","F2",8.5,0.54,0.9,11.4,28,8,447,810,215,599,1.2,34.6,26.5,2.3,0.3,9.6,"Sodium"
2004-04-22,2004,"Before","0-12","F2",8.6,0.7,1,9.5,16,25,484,950,217,696,1.1,30.9,16,2.8,1,10.8,"Sodium"
2004-04-22,2004,"Before","13-24","F2",9,0.52,0.3,5.4,6,24,85,1020,248,875,0.5,14.2,11.3,1.3,0.8,11.2,"Sodium"
2004-04-22,2004,"Before","25-36","F2",8.8,0.76,0.6,9.4,8,27,93,1080,291,800,0.4,18.6,5.8,1.3,0.7,11.5,"Sodium"
2004-04-22,2004,"Before","37-48","F2",8.5,0.38,0.1,3,4,28,37,1180,374,606,0.1,12,3.7,1.5,0.6,11.7,"Sodium"
2004-02-09,2004,"Before","0-12","F2",8.6,0.66,1.8,0.7,29,8,612,710,183,824,2.1,44.2,84.3,3,1,10.2,"Sodium"
2004-02-09,2004,"Before","13-24","F2",8.9,0.7,0.4,0.4,8,11,235,870,172,990,0.7,16.1,18.6,1.6,0.7,10.7,"Sodium"
2004-02-09,2004,"Before","25-36","F2",8.8,0.6,0.3,0.7,6,10,113,950,227,849,0.7,16.4,14.5,1.5,0.9,10.6,"Sodium"
2004-02-09,2004,"Before","37-48","F2",7.9,0.44,0.1,2.8,4,13,36,970,285,465,0.5,14.6,9.3,1.3,0.6,9.3,"Sodium"
2004-10-27,2004,"During","13-24","F2",8.1,1.12,0.7,5.5,15,85,160,1280,251,635,0.8,13.8,7.2,1.2,0.8,11.7,"Sodium"
2004-10-27,2004,"During","25-36","F2",8,1.04,0.8,5.2,5,84,149,1260,286,725,1.3,19,9.3,1.2,0.7,12.2,"Sodium"
2004-10-27,2004,"During","37-48","F2",8,1.14,0.5,3.1,8,62,92,1260,325,640,1,22.8,9.4,1.1,0.6,12,"Sodium"
2004-09-01,2004,"During","0-12","F2",7.6,1.68,2.6,44.8,33,87,729,970,158,468,3.2,35,18.1,2.6,0.9,10.1,"Sodium"
2004-09-01,2004,"During","13-24","F2",7.7,0.9,0.8,20.8,11,74,436,940,165,394,1.1,22.9,14.9,2.2,1,8.9,"Sodium"
2004-09-01,2004,"During","25-36","F2",8.1,0.8,0.6,6.5,8,57,136,1130,219,677,0.6,20.6,12.8,1.6,0.8,10.8,"Sodium"
2004-09-01,2004,"During","37-48","F2",7.9,0.92,0.7,9.9,9,69,187,1060,201,580,0.8,28.4,15.5,2.2,0.8,10,"Sodium"
2005-01-11,2005,"Winter","0-12","F2",,,,0.92,,,,67,205,1250,325,545,1.1,16.3,6,1.4,"Sodium"
2005-01-11,2005,"Winter","13-24","F2",,,,1.06,,,,76,196,1590,343,502,0.9,16.3,6,1.4,"Sodium"
2005-01-11,2005,"Winter","25-36","F2",,,,1.06,,,,80,130,1370,352,600,0.8,15.6,5.9,1.3,"Sodium"
2005-01-11,2005,"Winter","37-48","F2",,,,1.12,,,,75,120,1420,374,646,0.7,16.3,6.6,1.3,"Sodium"
2005-04-01,2005,"Before","25-36","F2",,,,0.7,,,,34,69,1510,393,486,0.2,13.6,5.8,1.1,"Sodium"
2005-04-01,2005,"Before","37-48","F2",,,,0.64,,,,40,78,1470,458,529,0.2,15.1,6.2,1,"Sodium"
2005-06-08,2005,"Before","0-12","F2",,,,2.12,,,,68,572,1480,114,49,2.5,30.6,10.5,2.2,"Sodium"
2005-06-08,2005,"Before","13-24","F2",,,,1.62,,,,133,211,1730,225,141,0.8,22.8,6.3,1.6,"Sodium"
2005-06-08,2005,"Before","25-36","F2",,,,1.38,,,,112,169,1590,261,344,0.8,21.4,6.6,1.5,"Sodium"
2005-06-08,2005,"Before","37-48","F2",,,,1.3,,,,103,118,1550,333,514,0.6,17.7,6.3,1.3,"Sodium"
2005-07-08,2005,"During","0-12","F2",,,,0.78,48,,,46,616,1400,150,52,2,39.9,16.9,3,"Sodium"
2005-07-08,2005,"During","13-24","F2",,,,0.78,,,,41,252,1430,199,351,0.5,20.6,8.6,1.6,"Sodium"
2005-07-08,2005,"During","25-36","F2",,,,0.62,,,,31,113,1390,272,552,0.3,13.3,6.3,1.2,"Sodium"
2005-07-08,2005,"During","37-48","F2",,,,0.7,,,,29,43,1410,430,537,0.1,11.6,4.4,0.6,"Sodium"
2005-10-20,2005,"During","0-12","F2",,,,0.92,12,,,86,189,1200,256,544,0.4,16.3,9.2,1.4,"Sodium"
2005-10-20,2005,"During","13-24","F2",,,,0.84,,,,69,593,1310,158,600,3.4,43.9,19.2,2.5,"Sodium"
2005-10-20,2005,"During","25-36","F2",,,,0.88,,,,75,184,1270,286,656,0.6,21.1,11.3,1.3,"Sodium"
2005-10-20,2005,"During","37-48","F2",,,,0.86,,,,81,90,1140,300,525,0.2,17.2,8.5,0.9,"Sodium"
2005-12-22,2005,"After","0-12","F2",,,,1.12,12,,,34,695,1450,138,375,3.4,43.3,23.8,2.6,"Sodium"
2005-12-22,2005,"After","13-24","F2",,,,0.78,12,,,23,489,920,186,410,1.2,20.9,19.7,2.2,"Sodium"
2005-12-22,2005,"After","25-36","F2",,,,0.84,12,,,36,154,1210,267,860,0.4,12.9,7.3,1.3,"Sodium"
2005-12-22,2005,"After","37-48","F2",,,,1.16,12,,,57,67,1190,354,775,0.2,10.2,4.8,0.7,"Sodium"
2006-05-11,2006,"Before","0-12","F2",,,,0.64,12,,,21,164,1220,237,529,0.6,12.6,6.3,1.2,"Sodium"
2006-05-11,2006,"Before","13-24","F2",,,,0.72,,,,34,113,1280,305,759,0.5,18.8,10.1,0.8,"Sodium"
2006-05-11,2006,"Before","25-36","F2",,,,0.72,,,,21,229,1280,271,568,1.1,28.6,12.3,1.2,"Sodium"
2006-05-11,2006,"Before","37-48","F2",,,,0.76,,,,34,85,1350,355,844,0.1,12.6,10.9,0.8,"Sodium"
2006-07-10,2006,"During","0-12","F2",,,,0.74,12,,,20,532,1280,147,117,2.7,58.4,49.3,2.8,"Sodium"
2006-07-10,2006,"During","13-24","F2",,,,1.06,24,,,40,511,1760,91,49,3,51.8,36.8,2.8,"Sodium"
2006-07-10,2006,"During","25-36","F2",,,,0.84,36,,,21,500,1190,175,101,2.2,61.7,51,2.6,"Sodium"
2006-07-10,2006,"During","37-48","F2",,,,0.82,48,,,11,382,1250,242,342,1.4,30.3,34.6,1.8,"Sodium"
2006-12-26,2006,"After","0-12","F2",,,,0.84,12,,,20,499,1040,184,264,1.2,20.8,7.3,1.6,"Sodium"
2006-12-26,2006,"After","13-24","F2",,,,0.88,,,,25,162,1140,279,485,0.3,13.2,6.4,1.1,"Sodium"
2006-12-26,2006,"After","25-36","F2",,,,1.06,,,,23,307,1090,235,393,0.8,17.9,7.3,1.5,"Sodium"
2007-08-03,2007,"During","0-12","F2",7.3,1.5,3.8,8.4,56,59,493,1950,110,78,2.9,203,230,2.7,,12.3,"Sodium"
2007-08-03,2007,"During","13-24","F2",7.6,1.18,2.8,2,38,64,472,1450,100,102,1.2,193,261,2,,9.7,"Sodium"
2007-08-03,2007,"During","25-36","F2",8.1,1.42,1.1,1.5,10,66,87,1440,344,882,0.2,20.8,14.6,0.7,,14.1,"Sodium"
2007-08-03,2007,"During","37-48","F2",8.2,1.36,1,1,9,62,72,1410,350,908,0.2,20,11.8,1.3,,14.1,"Sodium"
2007-11-28,2007,"After","0-12","F2",7.9,1.22,1.6,14.2,24,91,516,1160,110,304,1.3,17.7,7.7,2,,9.4,"Sodium"
2007-11-28,2007,"After","13-24","F2",8.1,0.72,1.1,5,14,60,195,1220,264,611,0.6,14.4,5.9,1.4,,11.5,"Sodium"
2007-11-28,2007,"After","25-36","F2",8,0.96,0.8,3,9,68,77,1180,357,842,0.3,14.3,4.5,1.1,,12.7,"Sodium"
2007-11-28,2007,"After","37-48","F2",8.1,1.14,0.9,3.5,10,81,77,1120,351,839,0.3,13.6,3.7,1,,12.4,"Sodium"
2008-05-06,2008,"Before","0-12","F2",7.2,0.5,3.5,0.8,50,14,550,1430,122,110,2.7,123,86.2,2.6,,10.1,"Sodium"
2008-05-06,2008,"Before","13-24","F2",7.4,0.46,2.4,5.6,34,6,492,1110,208,190,1.6,40.6,20.3,2,,9.4,"Sodium"
2008-05-06,2008,"Before","25-36","F2",7.5,0.24,1.8,8.9,28,3,354,1190,228,271,1.5,43.2,22.1,2,,9.9,"Sodium"
2008-05-06,2008,"Before","37-48","F2",8,0.4,1.7,6.8,23,7,275,1160,237,310,1.5,58,30.1,1.9,,9.8,"Sodium"
2009-07-17,2009,"During","0-12","F2",6.6,1.1,2.8,25.3,2,43,695,1680,78,72,3.2,61.8,10.3,3.4,,12.1,"Sodium"
2009-07-17,2009,"During","13-24","F2",7.9,0.72,1,3.8,17,28,557,1070,144,280,0.6,19.6,13.8,1.6,,9.2,"Sodium"
2009-07-17,2009,"During","25-36","F2",7.9,0.9,0.9,4.8,23,37,277,1260,272,504,0.6,22.3,11,1.5,,11.5,"Sodium"
2009-07-17,2009,"During","37-48","F2",7.7,0.88,0.8,7.8,12,37,109,1130,326,836,0.8,20.4,10.9,0.8,,12.3,"Sodium"
2011-02-10,2011,"Winter","0-12","F2",,,,0.66,48,,,21,440,1280,47,80,0.5,16.3,2.9,2.1,"Sodium"
2011-02-10,2011,"Winter","13-24","F2",,,,0.62,,,,20,429,1230,42,78,0.8,20.8,2.4,2.2,"Sodium"
2011-02-10,2011,"Winter","25-36","F2",,,,0.7,,,,32,432,1390,32,147,0.2,11.7,2.5,1.3,"Sodium"
2011-02-10,2011,"Winter","37-48","F2",,,,0.72,,,,31,439,1460,58,170,0.1,10.1,2.2,1,"Sodium"
2011-07-13,2011,"During","0-12","F2",,0,,1.08,48,,,27,608,1260,152,82,3.9,73.3,10.7,3,"Sodium"
2011-07-13,2011,"During","13-24","F2",,,,0.96,,,,24,604,1290,84,111,2.1,41,6.8,2.2,"Sodium"
2011-07-13,2011,"During","25-36","F2",,,,0.98,,,,23,594,1360,94,127,2,37.5,7.3,2.1,"Sodium"
2011-07-13,2011,"During","37-48","F2",,,,0.98,,,,18,566,1250,114,112,2.5,49.6,6.7,2.4,"Sodium"
2013-06-28,2013,"Before","13-24","F2",8.1,0.4,1.1,4.2,11,4,304,1230,58,183,0.3,20.9,7.6,1.7,,8.2,"Potassium"
2013-06-28,2013,"Before","25-36","F2",8.3,0.54,1,3.3,7,5,311,1190,99,252,0.6,11.8,6.1,2.7,,8.7,"Potassium"
2013-06-28,2013,"Before","37-48","F2",8,0.62,0.9,4,8,14,94,1070,287,290,0.2,13.9,6.5,0.7,,9.2,"Potassium"
2014-06-23,2014,"Before","13-24","F2",7.8,0.42,0.9,4.3,11,4,555,1150,140,86,0.2,23.7,5.6,2.2,,8.7,"Potassium"
2014-06-23,2014,"Before","25-36","F2",7.4,0.58,0.9,3.6,12,14,435,1170,294,115,0.3,30.2,7.1,1.6,,9.9,"Potassium"
2014-06-23,2014,"Before","37-48","F2",7.7,0.48,0.9,5.3,12,5,378,1230,228,213,0.2,22.2,6.3,1.3,,9.9,"Potassium"
2015-12-02,2015,"After","0-12","F2",7.7,1.08,2.1,34.7,28,26,1108,1490,103,29,2,30.3,15,2.1,1.1,11.3,"Potassium"
2015-12-02,2015,"After","13-24","F2",8.5,0.7,1,2.2,4,22,77,1790,389,466,0.2,8.5,7.2,0.6,1,14.4,"Potassium"
2015-08-01,2015,"During","0-12","F2",8.1,0.84,1.2,5.9,15,29,1133,1040,82,11,0.8,17.1,12.5,1.9,0.9,8.8,"Potassium"
2015-08-01,2015,"During","13-24","F2",7.9,1.26,1.2,2,6,55,178,1800,387,285,0.3,7.5,3.5,0.4,0.9,13.9,"Potassium"
2016-06-09,2016,"Before","0-12","F2",,,,0.82,24,,,34,1391,1490,95,33,4.9,26.7,13.4,2.6,"Potassium"
2016-06-09,2016,"Before","13-24","F2",,,,0.86,,,,42,832,1160,266,165,0.6,9.5,17.2,1.5,"Potassium"
2005-04-01,2005,"Before","13-24","F2 ",,,,0.54,,,,27,92,1480,267,375,0.2,16.7,7,1.3,"Sodium"
2009-11-25,2009,"After","0-12","F2 ",7.2,0.96,2.8,66,41,6,653,1200,95,361,2.5,51.8,7.6,2.8,1.1,10,"Sodium"
2009-11-25,2009,"After","13-24","F2 ",8.1,0.76,1.7,30.1,30,5,579,1220,66,320,0.9,26.7,5.5,2.1,0.9,9.5,"Sodium"
2009-11-25,2009,"After","25-36","F2 ",8,0.72,1.3,13,13,7,465,1240,134,330,0.4,21.4,4.4,1.8,1.2,9.9,"Sodium"
2009-11-25,2009,"After","37-48","F2 ",8.1,0.62,1.4,17.3,16,7,442,1300,155,354,0.7,27.7,5.4,1.9,1.2,10.5,"Sodium"
2010-07-13,2010,"During","0-12","F2 ",6.2,2.4,7.3,26.5,83,398,679,1790,167,85,7.5,93.7,21,3.2,0.8,15.5,"Sodium"
2010-07-13,2010,"During","13-24","F2 ",7.5,1.24,1.7,11.2,20,71,586,1380,105,179,1,19.3,7.2,1.8,1.2,10.1,"Sodium"
2010-07-13,2010,"During","25-36","F2 ",7.1,1.9,2.9,12.6,41,128,604,1490,87,152,2.5,35,7.9,2.4,1.1,10.4,"Sodium"
2010-07-13,2010,"During","37-48","F2 ",7.4,0.8,0.8,4.2,5,33,125,1270,342,461,0.2,11.1,3,0.8,0.6,11.5,"Sodium"
2013-06-28,2013,"Before","0-12","F2 ",7.9,0.42,1.1,5.3,15,4,333,1120,46,121,0.4,24.1,9.3,2.8,,7.4,"Potassium"
2014-06-23,2014,"Before","0-12","F2 ",7.1,0.36,1.3,6,26,3,735,940,60,45,0.9,50.4,5.3,3.9,,7.3,"Potassium"
2000-04-14,2000,"Before","0-12","F3",7.1,0.52,2.9,6.4,15,12,345,780,224,154,2.3,161,44.5,3.5,1,7.3,"Sodium"
2000-04-14,2000,"Before","13-24","F3",7.9,0.6,0.7,4.8,6,15,95,1140,322,215,0.1,42.4,32.5,2,0.6,9.6,"Sodium"
2000-04-14,2000,"Before","25-36","F3",7.9,0.66,0.3,0.6,6,17,52,1240,429,223,0.1,42.3,31.4,1.8,0.3,10.9,"Sodium"
2001-08-03,2001,"During","0-12","F3",7.8,0.6,3.3,2.1,11,17,457,1140,263,492,2.1,72.9,44.5,3.5,0.8,11.2,"Sodium"
2001-08-03,2001,"During","13-24","F3",8.1,0.96,1.7,3.8,5,25,281,1330,301,662,0.8,59.7,42.8,3.2,1.1,12.8,"Sodium"
2001-08-03,2001,"During","25-36","F3",8.4,0.74,0.9,2.4,4,24,172,1410,343,659,0.4,43.3,39.2,2.7,0.8,13.2,"Sodium"
2001-08-03,2001,"During","37-48","F3",8.2,0.72,0.4,0.8,3,14,117,1550,445,680,0.1,35.6,31.4,1.9,0.4,14.7,"Sodium"
2001-06-21,2001,"Before","0-12","F3",7.2,0.9,4,39,16,17,433,1310,323,463,3.4,74.7,45.8,3.4,0.9,12.4,"Sodium"
2001-06-21,2001,"Before","13-24","F3",8.4,0.82,0.8,7.1,2,12,140,1650,447,907,0.2,29.1,23.7,2.3,0.8,16.3,"Sodium"
2001-06-21,2001,"Before","25-36","F3",8.3,0.48,0.6,8.3,3,14,78,1810,547,855,0.1,28.3,14.8,2.3,0.4,17.5,"Sodium"
2001-06-21,2001,"Before","37-48","F3",7.7,0.4,0.4,3.4,1,7,110,1800,588,385,0.1,30.9,23.9,2.2,0.6,15.9,"Sodium"
2001-10-18,2001,"During","0-12","F3",7.9,0.72,2.9,5.1,16,16,474,1120,282,344,2.3,48.5,18,2.7,1,10.7,"Sodium"
2002-04-12,2002,"Before","0-12","F3",7.7,0.72,3.4,29.1,14,22,469,940,262,549,3,131,37.9,4.5,1.2,,"Sodium"
2002-04-12,2002,"Before","13-24","F3",8.5,0.84,0.9,7.9,7,23,136,1140,305,708,0.5,31.6,27.2,2.4,0.7,,"Sodium"
2002-04-12,2002,"Before","25-36","F3",8.6,0.74,0.6,4.7,5,20,74,1260,407,775,0.2,22.3,13.2,1.6,0.5,,"Sodium"
2002-04-12,2002,"Before","37-48","F3",8.5,0.54,0.4,1.4,5,14,64,1190,405,614,0.1,20.7,11.1,1.7,0.7,,"Sodium"
2002-08-15,2002,"During","0-12","F3",7.6,0.94,2.6,38.9,15,3,391,1110,314,698,2.5,98.4,37.5,3.9,1.2,,"Sodium"
2002-08-15,2002,"During","13-24","F3",8.2,0.7,0.3,0.4,2,25,110,1300,414,826,0.3,32.8,17,2.5,0.8,,"Sodium"
2002-08-15,2002,"During","25-36","F3",8.3,0.66,0.1,0.3,1,19,63,1240,456,576,0.5,43.5,24.6,2.8,1,,"Sodium"
2002-06-15,2002,"Before","0-12","F3",8,0.68,0.5,13.3,4,8,118,1220,320,467,0.7,23.8,25.2,2.2,1.5,11.1,"Sodium"
2002-06-15,2002,"Before","13-24","F3",8,0.54,0.2,5.7,3,6,66,1520,432,490,0.9,20.4,17,1.5,2.2,13.5,"Sodium"
2002-06-15,2002,"Before","25-36","F3",8.1,0.48,0.2,5.3,4,6,66,1150,341,389,0.3,24,20.3,1.9,1.1,10.5,"Sodium"
2002-06-15,2002,"Before","37-48","F3",7.9,0.5,0.5,6.3,4,4,71,1340,411,406,0.2,19,14.4,1.6,1.9,12.1,"Sodium"
2002-10-16,2002,"During","0-12","F3",7.9,0.52,3.4,0.9,17,19,543,990,257,630,1.6,24.9,43.2,2.3,0.8,,"Sodium"
2002-10-16,2002,"During","13-24","F3",7.8,0.48,2.4,17.6,15,27,349,1050,270,732,1.9,55.6,18,2.5,0.8,,"Sodium"
2003-06-24,2003,"Before","0-12","F3",8.1,0.54,1.3,9.9,8,10,242,960,267,497,2,29,10.9,2.4,,9.8,"Sodium"
2003-06-24,2003,"Before","13-24","F3",8.6,0.76,0.2,3.1,3,14,34,1030,430,742,0.4,12.9,5.4,1.3,,,"Sodium"
2003-06-24,2003,"Before","25-36","F3",8.3,0.56,0.1,1.8,2,9,28,1090,490,580,0.2,13.7,6.6,0.9,,,"Sodium"
2003-06-24,2003,"Before","37-48","F3",8.2,0.52,0.2,1.5,3,7,35,1120,483,496,0.3,14.3,9.4,1,,11.9,"Sodium"
2003-09-10,2003,"During","0-12","F3",8.1,0.84,2.3,13,15,11,394,980,260,545,1.4,30.8,17,2.4,0.8,10.4,"Sodium"
2003-09-10,2003,"During","13-24","F3",8,0.94,1.9,13,11,15,354,920,227,468,1.3,32.5,15.8,2.4,0.7,9.4,"Sodium"
2003-09-10,2003,"During","25-36","F3",8.6,1.02,0.1,4.5,3,20,55,1260,463,885,0.2,14.8,9.4,1.3,0.6,14.1,"Sodium"
2003-09-10,2003,"During","37-48","F3",8.7,0.88,0.1,3.5,4,14,52,1300,446,693,0.3,15.2,7.9,1.1,0.5,13.4,"Sodium"
2003-10-22,2003,"During","0-12","F3",7.8,0.6,2.7,17.7,14,11,477,970,253,547,1.7,33.4,12.9,2.5,0.9,10.6,"Sodium"
2003-10-22,2003,"During","13-24","F3",8.2,0.58,0.2,6,2,13,65,1410,424,719,0.4,16.5,4.6,1.2,0.6,13.9,"Sodium"
2003-10-22,2003,"During","25-36","F3",8,0.54,0.2,3.9,2,9,34,1410,474,552,0.2,13.3,4.8,1,0.5,13.5,"Sodium"
2003-10-22,2003,"During","37-48","F3",7.8,0.4,0.2,4,2,11,33,1330,446,428,0.3,12.7,5.7,1,0.4,12.3,"Sodium"
2004-06-15,2004,"Before","0-12","F3",7.8,0.42,1.7,2.6,15,9,369,910,259,559,1.1,90.2,61.8,2.8,0.8,10.1,"Sodium"
2004-06-15,2004,"Before","13-24","F3",8,0.58,1.2,2.3,10,17,213,1100,295,689,0.8,107,73.9,2.3,0.9,11.5,"Sodium"
2004-06-15,2004,"Before","25-36","F3",8.1,0.58,0.9,2.2,9,15,111,1040,294,658,0.5,78.7,50.2,1.7,0.4,10.8,"Sodium"
2004-06-15,2004,"Before","37-48","F3",8.2,0.54,0.7,2.2,8,13,106,1120,323,686,0.5,64.8,40.8,1.7,0.7,11.5,"Sodium"
2004-04-22,2004,"Before","0-12","F3",8.2,0.56,2.1,10.7,11,37,353,880,243,507,1.3,51.9,10,3.6,0.9,9.5,"Sodium"
2004-04-22,2004,"Before","13-24","F3",8.4,0.78,1.6,11.5,8,38,262,1100,293,683,0.5,29.9,7.4,2,1,11.6,"Sodium"
2004-04-22,2004,"Before","25-36","F3",8.7,1.16,0.6,5.3,5,47,104,1130,373,916,0.2,19,6.4,1.9,0.8,13,"Sodium"
2004-04-22,2004,"Before","37-48","F3",8.2,0.66,0.4,1.9,2,33,29,1120,444,538,0.1,12.4,7.3,0.2,0.3,11.7,"Sodium"
2004-02-09,2004,"Before","0-12","F3",7.7,0.32,1.7,1.7,7,10,290,970,271,366,1.3,58.7,26.6,2.6,0.5,9.4,"Sodium"
2004-02-09,2004,"Before","13-24","F3",8.6,0.7,0.4,1.9,3,16,89,1370,398,947,0.3,16.9,6.6,1.6,0.6,14.5,"Sodium"
2004-02-09,2004,"Before","25-36","F3",8.3,0.86,0.3,2.2,3,19,60,1400,433,938,0.2,15.4,5.9,1.4,0.6,14.8,"Sodium"
2004-02-09,2004,"Before","37-48","F3",7.7,0.5,0.2,1.3,3,13,41,1410,485,465,0.3,17.8,5.9,1.3,0.5,13.2,"Sodium"
2004-10-27,2004,"During","0-12","F3",7.2,1.62,2.3,4.3,14,135,586,1020,183,490,1.5,25.5,15.3,2.2,0.7,10.3,"Sodium"
2004-10-27,2004,"During","13-24","F3",7.4,0.98,1.1,4,8,74,273,1030,267,450,0.5,26.5,14.1,1.6,0.9,10,"Sodium"
2004-10-27,2004,"During","25-36","F3",7.7,0.68,0.8,3.6,6,51,145,1260,387,600,0.5,25,11.1,1.3,0.8,12.5,"Sodium"
2004-10-27,2004,"During","37-48","F3",8,0.5,0.3,2.4,6,11,56,1320,440,630,0.3,26.5,9.3,0.8,0.5,13.1,"Sodium"
2004-09-01,2004,"During","0-12","F3",7,2.4,3.1,54.1,15,241,622,1360,123,329,2.7,32.7,20.1,2.9,0.6,10.9,"Sodium"
2004-09-01,2004,"During","13-24","F3",7.2,1.74,1.1,22.2,7,164,279,990,182,434,1.1,22.3,15.7,2.1,1,9.1,"Sodium"
2004-09-01,2004,"During","25-36","F3",7.7,1.04,0.5,14.5,3,68,120,1060,231,501,0.5,21.3,12.8,1.6,1,9.7,"Sodium"
2004-09-01,2004,"During","37-48","F3",7.8,1.08,0.6,13.6,6,32,95,1170,253,499,0.4,22.2,12.4,1.6,1,10.4,"Sodium"
2005-01-11,2005,"Winter","0-12","F3",,,,0.72,,,,64,414,1090,266,480,0.9,23.7,7.7,2.1,"Sodium"
2005-01-11,2005,"Winter","13-24","F3",,,,1.04,,,,93,258,1210,348,640,0.5,17.8,5.9,1.5,"Sodium"
2005-01-11,2005,"Winter","25-36","F3",,,,0.96,,,,97,126,1300,438,733,0.5,15,4.1,1.1,"Sodium"
2005-01-11,2005,"Winter","37-48","F3",,,,0.76,,,,49,97,1270,439,691,0.3,15.4,3.4,1,"Sodium"
2005-04-01,2005,"Before","0-12","F3",,,,1.14,,,,92,542,910,236,398,2.2,48.3,18,3,"Sodium"
2005-04-01,2005,"Before","13-24","F3",,,,0.8,,,,47,321,980,246,667,0.4,17.9,13.6,2.1,"Sodium"
2005-04-01,2005,"Before","25-36","F3",,,,0.78,,,,27,89,1330,415,829,0.2,16.8,15.4,1.3,"Sodium"
2005-04-01,2005,"Before","37-48","F3",,,,0.82,,,,25,82,1460,520,880,0.2,17.4,15,1.2,"Sodium"
2005-06-08,2005,"Before","0-12","F3",,,,0.98,,,,92,476,1110,184,259,1.3,35.7,15.7,2.3,"Sodium"
2005-06-08,2005,"Before","13-24","F3",,,,1.1,,,,78,420,1260,197,329,1.1,33.1,14.6,2.1,"Sodium"
2005-06-08,2005,"Before","25-36","F3",,,,0.66,,,,42,59,1550,492,919,0.4,14.6,4.8,0.7,"Sodium"
2005-06-08,2005,"Before","37-48","F3",,,,0.78,,,,28,53,1610,495,792,0.2,14.8,4.4,0.8,"Sodium"
2005-07-08,2005,"During","0-12","F3",,,,0.74,24,,,60,498,1330,224,149,1.2,21.1,19.6,2.4,"Sodium"
2005-07-08,2005,"During","13-24","F3",,,,0.74,,,,50,249,1170,254,331,0.4,14.9,14.1,1.8,"Sodium"
2005-07-08,2005,"During","25-36","F3",,,,0.62,,,,31,76,1420,398,628,0.1,14.6,7.3,1,"Sodium"
2005-07-08,2005,"During","37-48","F3",,,,0.64,,,,29,59,1390,422,621,0.1,15.4,6.8,0.9,"Sodium"
2005-10-20,2005,"During","0-12","F3",,,,1.16,12,,,203,445,1210,242,430,1.3,29.3,15.6,2.2,"Sodium"
2005-10-20,2005,"During","13-24","F3",,,,1,,,,129,152,1580,398,652,0.4,22,10.6,1.5,"Sodium"
2005-10-20,2005,"During","25-36","F3",,,,1.16,,,,151,183,1420,390,589,0.3,21.5,11.9,1.4,"Sodium"
2005-10-20,2005,"During","37-48","F3",,,,0.84,,,,33,505,1100,347,363,1,88.9,35.8,3.4,"Sodium"
2005-12-22,2005,"After","0-12","F3",,,,0.7,12,,,21,590,1350,191,283,2.4,27,15.7,2.8,"Sodium"
2005-12-22,2005,"After","13-24","F3",,,,0.8,12,,,23,483,1220,312,606,1.3,27.7,18,2.8,"Sodium"
2005-12-22,2005,"After","25-36","F3",,,,1.74,12,,,111,113,1180,525,1176,0.3,18.3,19.7,1.5,"Sodium"
2005-12-22,2005,"After","37-48","F3",,,,1.72,12,,,120,118,1190,521,1104,0.4,18.8,18.8,1.6,"Sodium"
2006-05-11,2006,"Before","0-12","F3",,,,0.78,12,,,34,197,1590,358,426,0.5,27.1,18.9,1.5,"Sodium"
2006-05-11,2006,"Before","13-24","F3",,,,0.7,,,,35,239,1480,287,483,0.7,27.5,17.2,1.8,"Sodium"
2006-05-11,2006,"Before","25-36","F3",,,,0.86,,,,34,66,1320,373,844,0.3,39.9,36.2,1.4,"Sodium"
2006-05-11,2006,"Before","37-48","F3",,,,0.84,,,,32,62,1210,363,784,0.4,42.3,31.1,1.4,"Sodium"
2006-07-10,2006,"During","0-12","F3",,,,0.84,12,,,25,520,1230,183,187,1.5,27.4,40.4,2.6,"Sodium"
2006-07-10,2006,"During","13-24","F3",,,,0.82,24,,,30,553,1270,177,173,1.7,29.7,31,2.7,"Sodium"
2006-07-10,2006,"During","25-36","F3",,,,0.8,36,,,31,558,1250,177,177,1.7,28.3,28.8,2.7,"Sodium"
2006-07-10,2006,"During","37-48","F3",,,,0.94,48,,,43,419,1590,333,628,0.9,29.6,29.4,2.1,"Sodium"
2006-12-26,2006,"After","0-12","F3",,,,1.36,12,,,33,529,1360,117,292,2.2,40.6,10.8,2.1,"Sodium"
2006-12-26,2006,"After","13-24","F3",,,,0.8,,,,31,357,1030,252,334,0.5,17.5,9.1,1.6,"Sodium"
2006-12-26,2006,"After","25-36","F3",,,,1.16,,,,35,225,1170,311,533,0.5,19.8,8.6,1.4,"Sodium"
2007-08-03,2007,"During","0-12","F3",7.8,0.86,1.6,3.6,8,21,325,1230,275,473,0.5,22.6,12.6,2.1,,11.3,"Sodium"
2007-08-03,2007,"During","13-24","F3",7.8,0.9,1.6,3.3,9,25,189,1430,319,690,0.3,21.1,10.6,1.5,,13.3,"Sodium"
2007-08-03,2007,"During","25-36","F3",8.1,1.28,1.4,1.6,16,41,100,1730,520,987,0.1,32.4,14.2,0.8,,17.5,"Sodium"
2007-08-03,2007,"During","37-48","F3",8.2,0.92,1.1,0.5,4,38,75,1870,748,1134,0.2,54.6,28.8,1.4,,,"Sodium"
2007-11-28,2007,"After","0-12","F3",7.8,0.68,2.9,10.9,17,15,603,1120,123,410,1.9,30.8,17.3,2.9,,10,"Sodium"
2007-11-28,2007,"After","13-24","F3",8,0.64,1.7,4.2,12,15,349,970,162,378,1.3,23,16.1,2.8,,8.7,"Sodium"
2007-11-28,2007,"After","25-36","F3",8,0.62,2,4.1,13,13,509,1260,175,486,1.3,25.1,13.7,2.8,,11.2,"Sodium"
2007-11-28,2007,"After","37-48","F3",8.2,0.66,0.9,0.5,9,33,87,1030,344,723,0.5,17,7.2,1.5,,11.4,"Sodium"
2008-05-06,2008,"Before","0-12","F3",8.1,0.62,2.2,14.2,12,22,424,1160,197,307,1.2,26.8,10.8,2.6,,9.9,"Sodium"
2008-05-06,2008,"Before","13-24","F3",8,0.72,1.5,12.9,13,27,232,1070,292,417,0.6,16.3,13.1,1.9,,10.2,"Sodium"
2008-05-06,2008,"Before","25-36","F3",8.1,0.84,1.3,5.3,6,38,121,1160,379,519,0.2,14.7,10.6,1.2,,11.5,"Sodium"
2008-05-06,2008,"Before","37-48","F3",8.3,0.9,1.1,2.3,10,61,66,1110,413,829,0.2,20.4,12.7,1.1,,12.8,"Sodium"
2009-07-17,2009,"During","0-12","F3",7.1,1.02,2.7,6.5,56,53,579,1320,111,93,3.4,66.5,13.2,2.5,,9.4,"Sodium"
2009-07-17,2009,"During","13-24","F3",7.8,1.12,1.2,2.6,17,58,271,870,171,1047,2.1,30,19.1,2.1,,,"Sodium"
2009-07-17,2009,"During","25-36","F3",7.7,1.34,1.1,4.1,8,77,131,1070,313,1296,0.7,22.6,15.1,1.5,,,"Sodium"
2009-07-17,2009,"During","37-48","F3",7.6,1.44,1,4.1,7,65,82,1260,522,1040,1.6,31.8,15.3,1.4,,,"Sodium"
2010-07-13,2010,"During","13-24","F3",7.8,0.62,1.1,5.2,9,25,252,920,152,359,0.5,13.4,5.2,1.8,0.8,8.1,"Sodium"
2010-07-13,2010,"During","25-36","F3",8.2,0.84,0.9,5.3,5,41,73,970,259,787,0.3,10.6,4.8,1.4,0.9,10.6,"Sodium"
2011-02-10,2011,"Winter","0-12","F3",,,,0.82,48,,,29,432,1070,59,113,0.5,17.7,3,2.1,"Sodium"
2011-02-10,2011,"Winter","13-24","F3",,,,0.9,,,,38,518,1110,72,108,0.7,22.3,2.9,1.8,"Sodium"
2011-02-10,2011,"Winter","25-36","F3",,,,0.88,,,,61,432,1140,216,120,0.2,9.3,2.6,1.1,"Sodium"
2011-02-10,2011,"Winter","37-48","F3",,,,0.84,,,,54,394,1060,162,180,0.3,12.9,3.2,1.7,"Sodium"
2011-07-13,2011,"During","0-12","F3",,,,0.96,48,,,63,523,1140,82,82,1.3,24.1,5,2.4,"Sodium"
2011-07-13,2011,"During","13-24","F3",,,,0.88,,,,56,342,950,160,133,0.6,14.6,3.4,2,"Sodium"
2011-07-13,2011,"During","25-36","F3",,,,0.98,,,,71,254,980,213,279,0.8,18.4,3.9,2,"Sodium"
2011-07-13,2011,"During","37-48","F3",,,,1,,,,79,188,1030,358,407,0.8,16.7,3.6,1.8,"Sodium"
2013-06-28,2013,"Before","0-12","F3",7.8,0.5,1,3.9,13,18,244,1070,96,113,0.6,21.5,9,2.7,,7.3,"Potassium"
2013-06-28,2013,"Before","13-24","F3",8,0.62,1,3.1,11,22,243,970,160,149,0.5,23,9.3,2.5,,7.5,"Potassium"
2013-06-28,2013,"Before","25-36","F3",7.7,0.76,0.8,2.6,4,47,138,1250,271,224,0.1,14.8,6.7,1.4,,9.8,"Potassium"
2013-06-28,2013,"Before","37-48","F3",7.9,1.42,0.9,4.5,4,67,91,1150,560,562,0.2,17.4,4.2,1,,13.1,"Potassium"
2014-06-23,2014,"Before","0-12","F3",8.1,0.5,1.3,5.4,33,4,534,1220,77,74,1.2,29.6,8,2.9,,8.4,"Potassium"
2014-06-23,2014,"Before","13-24","F3",8.4,0.64,0.9,3.4,9,29,124,1000,214,472,0.2,9.3,10,0.9,,9.2,"Potassium"
2014-06-23,2014,"Before","25-36","F3",8.3,0.66,0.9,3.8,8,15,158,1280,227,423,0.1,11.9,5,0.8,,10.5,"Potassium"
2014-06-23,2014,"Before","37-48","F3",8.4,0.8,0.8,3.2,7,20,55,1240,318,773,0.2,14.7,5.4,0.7,,12.4,"Potassium"
2015-12-02,2015,"After","0-12","F3",7.8,1.36,1.2,4,4,124,262,1610,304,402,0.1,9.6,5.5,0.8,0.9,13,"Potassium"
2015-12-02,2015,"After","13-24","F3",8,1.62,1,2.8,6,114,112,1560,322,514,0.3,15,4.9,0.9,0.6,13,"Potassium"
2015-08-01,2015,"During","0-12","F3",8,2.2,1.8,6.2,7,209,276,1950,375,456,0.4,10.9,5,1.3,1.1,15.6,"Potassium"
2015-08-01,2015,"During","13-24","F3",8.2,2.68,1.5,3.4,3,228,153,1720,503,764,0.2,9.4,5.9,0.9,0.7,16.5,"Potassium"
2016-06-09,2016,"Before","0-12","F3",,,,0.62,24,,,20,1266,1670,87,22,1.9,26.1,11.5,2.9,"Potassium"
2016-06-09,2016,"Before","13-24","F3",,,,0.6,,,,23,624,1870,194,80,0.6,11.9,9.3,1.4,"Potassium"
2009-11-25,2009,"After","0-12","F3 ",7.5,1.16,2.8,14.8,36,35,495,1320,90,266,2.2,42.5,4.6,2,0.7,9.8,"Sodium"
2009-11-25,2009,"After","13-24","F3 ",8,0.84,1.2,15.6,14,18,420,1110,123,286,0.6,22.2,3.7,2,1,8.9,"Sodium"
2009-11-25,2009,"After","25-36","F3 ",7.9,0.8,1.2,13.2,11,22,441,1010,162,334,0.6,17.7,2.3,1.8,0.7,9,"Sodium"
2009-11-25,2009,"After","37-48","F3 ",8,0.88,1.2,4.4,7,20,303,1180,274,575,0.4,21.7,6.4,1.6,1.1,11.5,"Sodium"
2010-07-13,2010,"During","0-12","F3 ",6.8,1.08,3.9,4,46,73,445,1630,91,40,2.5,38,18.9,2.1,0.6,10.2,"Sodium"
2010-07-13,2010,"During","37-48","F3 ",8.2,1.04,0.8,1.8,3,61,33,990,367,987,0.2,9.4,3.2,1,1,12.4,"Sodium"
2000-04-14,2000,"Before","0-12","F4",7,1.24,2.7,5.9,15,65,275,1180,142,97,1.3,82.5,30,2.5,1.1,8.2,"Sodium"
2000-04-14,2000,"Before","13-24","F4",7.7,1.26,1.1,2.8,9,46,165,850,215,224,0.4,55.6,41.1,2.5,0.5,7.4,"Sodium"
2000-04-14,2000,"Before","25-36","F4",8.1,1.22,0.2,0.2,5,40,57,950,376,361,0.1,48,54,2.5,0.3,9.6,"Sodium"
2001-08-03,2001,"During","0-12","F4",8.1,0.7,1.8,4.3,8,35,375,1490,143,235,0.7,57.7,44,3.3,0.9,10.6,"Sodium"
2001-08-03,2001,"During","13-24","F4",8.4,0.86,0.9,1.4,4,52,234,1380,297,554,0.3,47.6,42.7,3,0.8,12.4,"Sodium"
2001-08-03,2001,"During","25-36","F4",8.3,1.06,0.6,0.7,1,104,169,1950,883,994,0.2,43.7,25.3,2.7,0.5,21.9,"Sodium"
2001-08-03,2001,"During","37-48","F4",8.2,1.96,0.5,1.6,1,81,158,2030,974,1044,0.2,38.6,19.1,2.6,0.5,23.2,"Sodium"
2001-06-21,2001,"Before","0-12","F4",7.7,0.68,2.9,1.2,28,68,569,1560,126,230,1.7,60.3,41.2,3.7,1.1,11.3,"Sodium"
2001-06-21,2001,"Before","13-24","F4",8,1.3,1.7,1.4,17,73,422,1360,169,472,0.9,53,46.6,3.1,0.9,11.3,"Sodium"
2001-06-21,2001,"Before","25-36","F4",8.4,1.2,0.6,1.1,8,90,179,1180,227,1017,0.3,38.6,45.4,1.9,0.6,12.7,"Sodium"
2001-06-21,2001,"Before","37-48","F4",8.5,1,0.3,1.1,7,73,126,1090,276,1107,0.2,31.7,36.2,1.6,0.5,12.9,"Sodium"
2001-10-18,2001,"During","0-12","F4",8.3,0.78,2.3,9.2,15,38,450,1230,124,323,1.2,39.3,11.7,2.2,0.7,9.7,"Sodium"
2001-10-18,2001,"During","13-24","F4",8.2,0.86,1.4,11,10,50,350,980,156,324,0.9,27.3,8.2,2.2,0.8,8.5,"Sodium"
2001-10-18,2001,"During","25-36","F4",8,0.78,0.5,4.8,11,53,235,1180,269,377,9.3,24.3,5.4,2.1,0.7,10.4,"Sodium"
2001-10-18,2001,"During","37-48","F4",8,1.12,0.2,3.1,10,68,132,1430,394,393,0.4,24.7,3.4,1.6,0.4,12.5,"Sodium"
2002-04-12,2002,"Before","0-12","F4",8.1,0.92,1,26.4,12,41,322,970,186,390,1.5,37.6,17.2,2.6,1.3,8.9,"Sodium"
2002-04-12,2002,"Before","13-24","F4",8.6,0.74,0.5,6.3,8,28,125,1030,246,602,0.6,39.5,26.7,2.5,0.7,,"Sodium"
2002-04-12,2002,"Before","25-36","F4",8.8,1.24,0.5,3.6,8,66,67,940,299,1182,0.8,41.1,75.7,2.7,0.5,,"Sodium"
2002-08-15,2002,"During","0-12","F4",7.8,1.66,1.3,2.7,8,179,191,1330,220,425,1,53.9,38.7,3.5,1.6,10.8,"Sodium"
2002-08-15,2002,"During","13-24","F4",8.1,2.36,0.2,0.8,1,188,66,1520,574,920,0.4,31,23.5,2.2,2.1,,"Sodium"
2002-08-15,2002,"During","25-36","F4",8.2,2.28,0.2,0.4,1,195,56,1530,833,840,0.1,26.9,17.3,1.9,1.8,,"Sodium"
2002-06-15,2002,"Before","0-12","F4",7.5,0.72,2.9,3.1,18,73,310,1390,154,175,1.9,53.1,30.7,2.9,0.5,9.8,"Sodium"
2002-10-16,2002,"During","0-12","F4",7.6,0.38,2.3,0.9,10,32,507,1180,75,325,1,103,35.1,3.2,0.6,9.2,"Sodium"
2002-10-16,2002,"During","13-24","F4",7.9,0.46,0.7,0.3,6,43,150,1310,361,470,0.6,58.8,55.6,3.1,0.5,12,"Sodium"
2002-10-16,2002,"During","25-36","F4",8.2,0.86,0.3,0.3,4,48,98,1620,584,690,0.5,53.2,60.2,3.3,0.4,,"Sodium"
2003-06-24,2003,"Before","0-12","F4",7.4,0.9,1.9,15.3,21,69,374,1290,103,167,1.4,33.6,10.3,2,,9,"Sodium"
2003-06-24,2003,"Before","13-24","F4",8,1.02,0.6,7.5,9,61,157,1160,210,440,0.4,23.6,7.1,1.4,,9.9,"Sodium"
2003-06-24,2003,"Before","25-36","F4",8.3,1.04,0.4,3.9,8,61,75,1110,267,765,0.4,26,6.5,1.3,,,"Sodium"
2003-06-24,2003,"Before","37-48","F4",8.3,0.74,0.1,3.5,10,59,57,990,280,745,0.6,29.2,7.1,1.5,,,"Sodium"
2003-09-10,2003,"During","0-12","F4",8.2,1.4,0.3,5.4,15,69,90,1380,318,450,0.3,18.9,15,1.5,0.5,11.7,"Sodium"
2003-09-10,2003,"During","13-24","F4",8.3,1.32,0.1,5.3,8,68,82,1320,273,421,0.3,17,12,1.5,0.6,10.9,"Sodium"
2003-09-10,2003,"During","25-36","F4",8.3,1.24,0.3,5,8,73,85,1370,371,491,0.3,16.9,9.4,1.5,0.4,12.3,"Sodium"
2003-09-10,2003,"During","37-48","F4",8.1,1.16,0.6,7.5,10,74,107,1490,338,477,0.5,20.4,10.5,1.7,0.5,12.6,"Sodium"
2003-10-22,2003,"During","0-12","F4",8.2,0.84,1.3,12.8,8,37,312,1070,124,322,0.6,46.2,23.8,3.2,0.7,8.6,"Sodium"
2003-10-22,2003,"During","13-24","F4",8.5,1.18,0.3,1.2,5,118,69,1020,364,948,0.2,23.8,30,2.7,0.3,12.4,"Sodium"
2003-10-22,2003,"During","25-36","F4",8.4,1.44,0.3,0.5,5,118,54,1010,384,968,0.2,17.2,44.1,2.5,0.3,12.6,"Sodium"
2003-10-22,2003,"During","37-48","F4",8.2,2.04,0.3,2.1,2,169,51,1320,871,1019,0.3,17.6,9.5,1.6,0.2,,"Sodium"
2004-06-15,2004,"Before","0-12","F4",7.4,0.6,2.3,10.3,36,30,450,1340,95,177,1.8,110,40.4,3.1,0.4,9.4,"Sodium"
2004-06-15,2004,"Before","25-36","F4",8.3,0.82,0.4,3.4,9,37,220,1360,238,485,0.4,42.9,40.7,2,1,11.5,"Sodium"
2004-06-15,2004,"Before","37-48","F4",8.1,0.78,0.9,6.5,14,36,301,1370,175,372,0.6,45,32.7,2.2,1,10.7,"Sodium"
2004-04-22,2004,"Before","0-12","F4",7.5,0.62,1.1,17.9,11,38,485,1090,74,160,0.4,45.5,8.5,2.7,0.9,8,"Sodium"
2004-04-22,2004,"Before","13-24","F4",8.2,0.7,0.7,2.1,7,46,285,1250,207,387,0.2,20.3,5.4,1.6,0.8,10.4,"Sodium"
2004-04-22,2004,"Before","25-36","F4",8.3,1.2,0.3,3.9,3,79,62,1280,443,645,0.1,15.8,3.3,1.9,0.5,13.1,"Sodium"
2004-04-22,2004,"Before","37-48","F4",8.3,1.04,0.6,4.2,6,83,96,1310,397,571,0.2,19.5,5.8,1.4,0.5,12.6,"Sodium"
2004-02-09,2004,"Before","0-12","F4",8.1,0.46,0.7,0.5,7,18,372,1190,106,189,0.5,26.8,50,2.1,0.8,8.6,"Sodium"
2004-02-09,2004,"Before","13-24","F4",8.2,0.6,0.1,0.5,6,32,185,1200,232,525,0.1,20.6,11.4,1.4,0.7,10.7,"Sodium"
2004-02-09,2004,"Before","25-36","F4",8.1,0.62,0.1,0.3,6,39,160,1090,209,502,0.2,19.6,12,1.5,0.7,9.8,"Sodium"
2004-02-09,2004,"Before","37-48","F4",8.2,0.76,0.1,0.3,6,44,73,1030,245,615,0.2,19.3,10.1,1.4,0.6,10.1,"Sodium"
2004-10-27,2004,"During","0-12","F4",8,0.68,2.4,4,12,42,387,1390,79,369,0.8,25.7,12.6,1.5,0.8,10.2,"Sodium"
2004-10-27,2004,"During","13-24","F4",7.9,0.7,1.1,1.9,10,61,140,1190,143,310,0.5,17.7,8.3,1.2,0.6,8.8,"Sodium"
2004-10-27,2004,"During","25-36","F4",8,0.8,0.6,1.3,8,64,67,1090,223,367,0.4,19.6,8.2,1.1,0.4,9.1,"Sodium"
2004-10-27,2004,"During","37-48","F4",8.1,0.86,0.6,1.3,8,71,62,1110,238,414,0.4,19.6,9.4,1.2,0.4,9.5,"Sodium"
2004-09-01,2004,"During","0-12","F4",7.5,1.48,2.4,17.8,12,88,319,1240,51,188,1.1,36.8,17.8,2,0.8,8.3,"Sodium"
2004-09-01,2004,"During","13-24","F4",7.6,0.86,0.9,13.1,6,66,124,1200,80,176,0.4,23.8,11.5,1.7,0.6,7.7,"Sodium"
2004-09-01,2004,"During","25-36","F4",7.9,0.9,0.6,5.2,6,62,72,1060,153,336,0.3,30.3,12.8,1.6,0.5,8.2,"Sodium"
2004-09-01,2004,"During","37-48","F4",7.9,0.9,0.6,5.6,5,71,75,1080,158,356,0.3,33.1,14.3,1.7,0.5,8.5,"Sodium"
2005-01-11,2005,"Winter","0-12","F4",,,,0.52,,,,25,234,1280,125,223,0.4,21.3,11.4,1.5,"Sodium"
2005-01-11,2005,"Winter","13-24","F4",,,,0.5,,,,30,110,1230,205,271,0.3,20.1,18.5,1.4,"Sodium"
2005-01-11,2005,"Winter","25-36","F4",,,,0.68,,,,38,82,1170,263,327,0.2,21.1,21.3,1.3,"Sodium"
2005-01-11,2005,"Winter","37-48","F4",,,,0.92,,,,55,77,1140,296,375,0.2,20.8,18.6,1.3,"Sodium"
2005-04-01,2005,"Before","0-12","F4",,,,0.48,,,,32,256,1450,94,84,0.5,29.7,16,1.8,"Sodium"
2005-04-01,2005,"Before","13-24","F4",,,,0.32,,,,22,133,1260,124,134,0.3,22,27.2,1.7,"Sodium"
2005-04-01,2005,"Before","25-36","F4",,,,0.44,,,,20,41,1040,287,279,0.1,17.2,54,1.2,"Sodium"
2005-04-01,2005,"Before","37-48","F4",,,,0.56,,,,25,51,1090,305,324,0.1,19.7,38.1,1.2,"Sodium"
2005-06-08,2005,"Before","0-12","F4",,,,0.64,,,,38,261,1340,150,160,0.8,32.6,10.7,2,"Sodium"
2005-06-08,2005,"Before","13-24","F4",,,,0.66,,,,28,167,1260,178,185,0.5,21.4,7.3,1.6,"Sodium"
2005-06-08,2005,"Before","25-36","F4",,,,0.64,,,,35,100,1370,254,263,0.4,19.5,5.8,1.4,"Sodium"
2005-06-08,2005,"Before","37-48","F4",,,,0.68,,,,34,129,1290,181,171,0.5,23.9,7.7,1.6,"Sodium"
2005-07-08,2005,"During","0-12","F4",,,,0.94,48,,,62,548,1730,95,192,1.2,52.6,16.5,3.3,"Sodium"
2005-07-08,2005,"During","13-24","F4",,,,0.96,,,,33,113,1060,265,669,0.2,21.5,7.4,1.6,"Sodium"
2005-07-08,2005,"During","25-36","F4",,,,1.04,,,,67,45,960,435,684,0.1,18.8,4.3,1.3,"Sodium"
2005-07-08,2005,"During","37-48","F4",,,,1.22,,,,95,79,1130,424,615,0.2,16.7,5.8,1.1,"Sodium"
2005-10-20,2005,"During","0-12","F4",,,,0.68,12,,,70,132,1420,253,312,0.3,17.4,8.2,1.2,"Sodium"
2005-10-20,2005,"During","13-24","F4",,,,0.42,,,,29,71,1380,340,505,0.1,17.8,7.2,1.1,"Sodium"
2005-10-20,2005,"During","25-36","F4",,,,1.16,,,,149,44,1180,371,569,0.1,17.1,5.4,1,"Sodium"
2005-10-20,2005,"During","37-48","F4",,,,1.06,,,,179,64,1090,368,537,0.2,31.8,8.2,1.3,"Sodium"
2005-12-22,2005,"After","0-12","F4",,,,1.48,12,,,135,385,1190,127,173,0.3,17.8,9.5,1.6,"Sodium"
2005-12-22,2005,"After","13-24","F4",,,,1.46,12,,,142,100,1230,353,507,0.4,14.9,14.7,1.2,"Sodium"
2005-12-22,2005,"After","25-36","F4",,,,1.58,12,,,138,83,1270,448,673,0.1,16.3,29.3,1.1,"Sodium"
2005-12-22,2005,"After","37-48","F4",,,,1,12,,,94,39,1060,464,740,0.1,14.9,11.3,1,"Sodium"
2006-05-11,2006,"Before","0-12","F4",,,,1.14,12,,,96,78,1110,240,528,0.4,26.6,83.9,1.4,"Sodium"
2006-05-11,2006,"Before","13-24","F4",,,,1.38,,,,112,62,890,308,653,0.2,25.8,56.1,1.4,"Sodium"
2006-05-11,2006,"Before","25-36","F4",,,,1.24,,,,109,36,860,353,735,0.1,20.7,34.6,1.3,"Sodium"
2006-05-11,2006,"Before","37-48","F4",,,,1.28,,,,99,25,790,348,569,0.1,19.9,17.2,1.4,"Sodium"
2006-07-10,2006,"During","0-12","F4",,,,1.84,12,,,99,429,1210,121,237,1.3,50.9,40,2.7,"Sodium"
2006-07-10,2006,"During","13-24","F4",,,,1.72,24,,,89,449,1320,134,254,3.6,52.4,43,2.9,"Sodium"
2006-07-10,2006,"During","25-36","F4",,,,1.38,36,,,58,252,1230,207,284,0.9,67.4,55,2.3,"Sodium"
2006-07-10,2006,"During","37-48","F4",,,,1.14,48,,,37,144,1210,265,314,0.5,197,185,2.6,"Sodium"
2006-12-26,2006,"After","0-12","F4",,,,0.52,12,,,49,73,1110,340,428,0.1,20.4,4,1.1,"Sodium"
2006-12-26,2006,"After","13-24","F4",,,,0.52,,,,32,109,1100,294,406,0.2,18.9,6,1,"Sodium"
2006-12-26,2006,"After","25-36","F4",,,,0.88,,,,24,65,1050,379,453,0.2,21.6,6,1.3,"Sodium"
2007-08-03,2007,"During","0-12","F4",8.3,0.86,1.2,4.1,9,10,333,1370,194,437,0.3,64,36.5,2.4,,11.2,"Sodium"
2007-08-03,2007,"During","13-24","F4",8.2,1.22,1.5,5.9,15,13,405,1350,176,363,0.7,44.4,17.2,2.4,,10.8,"Sodium"
2007-08-03,2007,"During","25-36","F4",8.8,1.18,0.8,0.8,9,43,66,1000,433,1286,0,31.4,13.8,1.5,,,"Sodium"
2007-08-03,2007,"During","37-48","F4",8.7,1.62,0.8,0.7,4,55,72,970,457,1255,0,34.9,16,1.4,,,"Sodium"
2007-11-28,2007,"After","0-12","F4",8.1,0.84,2.1,15.8,17,17,490,1090,102,492,1,43.1,16.9,2.4,,9.7,"Sodium"
2007-11-28,2007,"After","13-24","F4",8.3,0.7,1.2,6.4,11,11,231,1160,130,409,0.5,26.4,12.3,2,,9.3,"Sodium"
2007-11-28,2007,"After","25-36","F4",8.3,0.66,1,7.6,9,13,177,1320,166,478,0.3,19,9.8,1.6,,10.5,"Sodium"
2007-11-28,2007,"After","37-48","F4",8.1,0.6,0.7,1.8,9,43,92,1400,330,490,0.2,17.9,5.5,1.3,,12.1,"Sodium"
2008-05-06,2008,"Before","0-12","F4",7.6,0.96,1.9,31.5,21,12,444,1350,89,157,0.8,38.9,16.7,2.2,,9.3,"Sodium"
2008-05-06,2008,"Before","13-24","F4",8.2,0.54,1,8.4,9,11,158,1240,156,315,0.3,42.7,22.8,1.8,,9.3,"Sodium"
2008-05-06,2008,"Before","25-36","F4",8.3,0.64,0.9,7.7,11,18,105,1110,203,339,0.3,27.3,22.9,1.6,,9,"Sodium"
2008-05-06,2008,"Before","37-48","F4",8.2,0.38,0.8,2.3,9,22,66,860,283,393,0.2,26.1,28.3,1.5,,8.5,"Sodium"
2009-07-17,2009,"During","0-12","F4",7.2,1.32,3.1,37,56,15,794,1240,138,423,4,105.1,23.1,5.2,,11.2,"Sodium"
2009-07-17,2009,"During","13-24","F4",8.4,1.26,1,6.4,11,22,132,1260,574,1032,7.5,41.2,10.2,2.7,,,"Sodium"
2009-07-17,2009,"During","25-36","F4",8.1,1.54,1,3.2,6,46,83,1470,1046,1442,2.6,24.5,3.7,3,,,"Sodium"
2009-07-17,2009,"During","37-48","F4",8,2.88,1.1,1.1,3,181,62,1200,1021,1291,18.8,24.2,4.4,1.2,,,"Sodium"
2011-02-10,2011,"Winter","0-12","F4",,,,1.04,36,,,47,411,1110,174,511,0.7,38.7,14.3,2.7,"Sodium"
2011-02-10,2011,"Winter","13-24","F4",,,,0.82,,,,25,395,960,140,441,0.2,16.5,6.3,1.8,"Sodium"
2011-02-10,2011,"Winter","25-36","F4",,,,1.18,,,,64,87,910,366,1071,0.2,19.5,3.3,1.5,"Sodium"
2011-07-13,2011,"During","0-12","F4",,,,1.82,48,,,87,498,1160,193,339,1.4,69.7,9.7,4.6,"Sodium"
2011-07-13,2011,"During","13-24","F4",,,,1.4,,,,81,446,1110,222,611,0.9,47.8,9.2,3.6,"Sodium"
2011-07-13,2011,"During","25-36","F4",,,,1.66,,,,91,213,1030,443,1006,0.6,37.5,8.4,3,"Sodium"
2011-07-13,2011,"During","37-48","F4",,,,1.84,,,,97,245,1080,432,958,0.9,42.2,7.3,3.3,"Sodium"
2013-06-28,2013,"Before","0-12","F4",8.2,0.8,1.1,3.9,11,20,353,1030,151,211,0.4,27,11.7,2.7,,8.2,"Potassium"
2013-06-28,2013,"Before","13-24","F4",8.7,0.6,0.9,1.2,5,25,134,1050,403,872,0.1,24.6,9.2,1.9,,12.7,"Potassium"
2013-06-28,2013,"Before","25-36","F4",8.4,1.26,0.9,1.5,5,39,93,1360,592,1224,0.1,18.9,5.9,1.4,,,"Potassium"
2013-06-28,2013,"Before","37-48","F4",8.4,1.84,0.8,2.3,4,134,62,1020,725,1006,0.1,20.4,3.5,1.7,,,"Potassium"
2014-06-23,2014,"Before","0-12","F4",7.7,0.74,1.8,9.5,36,14,509,1590,81,44,1.2,43.5,5.7,3.2,,10.1,"Potassium"
2014-06-23,2014,"Before","13-24","F4",8.1,0.86,1,4.2,9,15,185,1460,307,239,0.2,22.8,5.5,1.9,,11.4,"Potassium"
2014-06-23,2014,"Before","25-36","F4",8.4,1.22,1,2.7,6,39,78,1600,573,787,0.1,19,4.8,1.5,,16.4,"Potassium"
2014-06-23,2014,"Before","37-48","F4",8.7,0.8,0.6,1.4,5,17,19,840,295,370,0.1,14.2,14.9,1,,8.3,"Potassium"
2015-12-02,2015,"After","0-12","F4",8.1,1.46,1,2.7,7,89,43,960,370,631,0.2,21.1,5.3,1.3,0.8,10.7,"Potassium"
2015-12-02,2015,"After","13-24","F4",8.1,1.58,0.9,1.4,6,90,60,1110,450,700,0.2,15.5,5.7,0.9,0.6,12.5,"Potassium"
2015-08-01,2015,"During","0-12","F4",8.3,0.82,1.3,7.6,8,11,431,1470,174,139,0.4,14.5,5.7,1.7,0.7,10.5,"Potassium"
2015-08-01,2015,"During","13-24","F4",8.6,0.94,1,1.2,4,9,56,1340,399,597,0.2,12.8,3.6,1.5,0.3,12.8,"Potassium"
2016-06-09,2016,"Before","0-12","F4",,,,1.28,24,,,25,1795,1470,132,141,2.3,50.1,17.1,3.5,"Potassium"
2016-06-09,2016,"Before","13-24","F4",,,,1.68,,,,62,856,1370,238,561,0.6,18.5,14.5,2.4,"Potassium"
2004-06-15,2004,"Before","13-24","F4 ",7.8,0.7,1.3,7.6,20,29,414,1460,128,296,1,96,52.4,2.7,1,10.7,"Sodium"
2009-11-25,2009,"After","0-12","F4 ",8.4,1.4,1.7,11.1,16,74,595,1050,120,566,0.8,39.5,13.3,3.2,1.6,10.2,"Sodium"
2009-11-25,2009,"After","13-24","F4 ",8.9,0.88,1.1,9,8,39,309,1090,255,810,0.3,31.5,16.5,3,1.7,11.9,"Sodium"
2009-11-25,2009,"After","25-36","F4 ",8.9,0.86,1,5.6,7,41,143,970,422,933,0.2,29.4,8.4,2.2,1.4,12.8,"Sodium"
2009-11-25,2009,"After","37-48","F4 ",8.9,0.92,0.9,5,7,39,103,1080,636,1153,0.2,31.2,3.5,2.2,1.4,,"Sodium"
2010-07-13,2010,"During","0-12","F4 ",8.7,1.26,1,3.9,5,47,325,1140,241,699,0.2,18.8,17.9,2.2,1.3,11.6,"Sodium"
2010-07-13,2010,"During","13-24","F4 ",8.4,1,1,1.6,3,71,137,1520,883,1308,0.2,17.6,7.9,2,1.3,,"Sodium"
2010-07-13,2010,"During","25-36","F4 ",8.3,1.78,1,1.5,2,97,82,1440,1092,1477,0.1,13.9,2.7,1.4,1.1,,"Sodium"
2010-07-13,2010,"During","37-48","F4 ",8.2,1.46,0.9,2.1,2,119,73,1330,1081,1325,0.1,14.4,2.9,1.3,1.2,,"Sodium"
2000-04-14,2000,"Before","0-12","F5",7.1,0.48,2.9,5.6,32,20,399,770,158,157,1.9,268,20.8,4.5,1,6.9,"Sodium"
2000-04-14,2000,"Before","13-24","F5",8,0.46,1.3,4.1,12,12,189,1000,190,188,0.7,108,40.6,3.5,0.7,7.9,"Sodium"
2000-04-14,2000,"Before","25-36","F5",8.1,0.66,0.4,0.6,5,14,52,1170,456,255,0.1,49.7,40.3,1.8,0.3,10.9,"Sodium"
2000-04-14,2000,"Before","25-36","F5",7.5,0.72,0.8,0.1,6,36,112,990,298,132,0.4,39.6,43.9,2,0.6,8.3,"Sodium"
2001-08-03,2001,"During","0-12","F5",7.9,1.14,2.2,0.9,12,121,247,1530,304,519,1.3,55.2,40.5,2.7,0.9,13.1,"Sodium"
2001-08-03,2001,"During","13-24","F5",8.1,0.8,1.3,3.1,6,72,234,1410,235,369,0.6,42.2,41.9,2.8,0.9,11.2,"Sodium"
2001-08-03,2001,"During","25-36","F5",8,2,0.3,0.6,1,96,119,1680,597,720,0.1,36.7,33.9,1.5,0.4,16.8,"Sodium"
2001-08-03,2001,"During","37-48","F5",8.1,1.22,0.2,0.8,1,91,80,1830,799,707,0.1,30.4,22.9,1.3,0.3,19.1,"Sodium"
2001-06-21,2001,"Before","0-12","F5",7.6,1.18,3.4,1.2,25,107,569,1510,185,394,2,67.7,33.7,4.2,0.9,12.3,"Sodium"
2001-06-21,2001,"Before","13-24","F5",8.4,1.16,1.1,2.1,12,85,320,1400,305,627,0.7,46.8,41.5,3.5,0.9,13.1,"Sodium"
2001-06-21,2001,"Before","25-36","F5",8.3,1.22,0.1,2.7,1,43,149,1920,970,642,0.1,27.8,13.6,1.3,0.3,20.9,"Sodium"
2001-06-21,2001,"Before","37-48","F5",8.2,1.12,1,1.5,8,72,204,1570,537,824,0.4,42.2,40.3,2.6,0.7,16.4,"Sodium"
2001-10-18,2001,"During","0-12","F5",7.5,0.68,3.5,16,31,59,567,1220,144,316,3.9,86.5,12.4,3.6,0.8,10.1,"Sodium"
2001-10-18,2001,"During","13-24","F5",7.7,0.66,2,14,20,62,516,1340,155,266,1.5,68.6,12.3,4,0.8,10.5,"Sodium"
2001-10-18,2001,"During","25-36","F5",8.2,0.82,0.5,7.9,9,41,204,1490,412,355,0.6,38.7,12.6,2.9,0.9,12.9,"Sodium"
2001-10-18,2001,"During","37-48","F5",8.1,1.08,0.1,3.6,4,52,80,1740,1300,376,0.2,6.7,24.5,1,1.1,21.4,"Sodium"
2002-04-12,2002,"Before","0-12","F5",7.6,0.98,3,15.1,20,109,291,1400,136,177,2.4,82.8,27.3,3.9,0.6,9.6,"Sodium"
2002-04-12,2002,"Before","13-24","F5",7.9,0.72,1.6,4.6,17,66,230,1160,164,380,1,75.4,27.3,3.8,0.4,9.4,"Sodium"
2002-04-12,2002,"Before","25-36","F5",8.3,0.7,0.7,4.7,8,48,88,1070,290,542,0.7,40.7,22.9,2.6,0.5,,"Sodium"
2002-04-12,2002,"Before","37-48","F5",8.6,0.6,0.4,0.4,6,42,56,1070,290,627,0.2,20.1,16.3,1.4,0.7,,"Sodium"
2002-08-15,2002,"During","0-12","F5",7.2,0.96,2.9,42.1,17,80,504,1270,129,195,2.7,61.8,30.8,3.9,2.1,9.6,"Sodium"
2002-08-15,2002,"During","13-24","F5",7.3,0.8,0.9,27.2,10,42,317,1050,222,374,1.2,44.4,22.1,2.3,2.2,9.5,"Sodium"
2002-08-15,2002,"During","25-36","F5",7.7,0.84,1.7,25.4,12,52,284,980,214,346,1.6,51,25.2,2.6,2.1,8.9,"Sodium"
2002-06-15,2002,"Before","0-12","F5",7.1,0.9,2,10.6,15,130,293,1160,97,113,2.4,52.8,35.6,3.1,0.6,7.9,"Sodium"
2002-06-15,2002,"Before","13-24","F5",7.1,0.92,1.8,9.7,11,146,308,1140,101,120,2.1,42.2,41.8,3,1.5,7.9,"Sodium"
2002-06-15,2002,"Before","25-36","F5",7.1,0.94,1.9,15.5,12,102,265,1120,138,102,1.7,43.8,51.6,3,1.1,7.9,"Sodium"
2002-10-16,2002,"During","0-12","F5",7.4,0.78,3.1,47.7,29,76,449,1490,96,340,2.2,50.5,31.1,3.3,0.8,10.9,"Sodium"
2002-10-16,2002,"During","13-24","F5",8,0.54,2,27.9,22,77,361,1510,116,376,1.5,33.7,19.7,2.7,0.7,11.1,"Sodium"
2002-10-16,2002,"During","25-36","F5",8.1,0.54,1.3,22.5,15,46,250,1510,160,415,1.7,27.7,15.6,2.4,0.9,11.3,"Sodium"
2003-06-24,2003,"Before","0-12","F5",7.4,0.68,2.2,22.2,26,33,282,1410,110,167,1.9,45.2,14.4,2.7,,9.4,"Sodium"
2003-06-24,2003,"Before","13-24","F5",7.8,0.86,0.1,3.7,10,66,68,1170,312,392,0.6,24.7,9.5,1.1,,10.3,"Sodium"
2003-06-24,2003,"Before","25-36","F5",7.8,0.76,0.1,3.3,7,63,51,1060,312,378,0.4,22.6,8.4,1,,9.7,"Sodium"
2003-06-24,2003,"Before","37-48","F5",7.7,0.68,0.2,3.3,9,64,53,1060,323,444,0.7,26,9.1,1,,10.1,"Sodium"
2003-09-10,2003,"During","0-12","F5",7.3,0.86,2.1,8.7,26,58,298,1340,144,241,2,39.3,15.8,2.1,0.6,9.7,"Sodium"
2003-09-10,2003,"During","13-24","F5",7.3,0.84,1.1,3.9,18,60,234,1240,176,241,1.1,31.6,15.7,2,0.8,9.3,"Sodium"
2003-09-10,2003,"During","25-36","F5",7.4,0.84,1,4.4,16,66,213,1230,211,305,0.9,27.7,13.8,1.8,0.6,9.8,"Sodium"
2003-09-10,2003,"During","37-48","F5",7.4,0.84,1.3,0.9,19,71,256,1320,163,243,1.3,37.9,17.9,2.2,0.6,9.7,"Sodium"
2003-10-22,2003,"During","0-12","F5",8,0.52,2,10.9,11,22,343,1240,167,368,1.2,33.3,14.1,2.6,0.9,10.1,"Sodium"
2003-10-22,2003,"During","13-24","F5",8.1,0.64,0.3,0.9,6,36,38,960,349,582,0.3,23.6,23.7,1.7,0.4,10.3,"Sodium"
2003-10-22,2003,"During","25-36","F5",8.2,0.58,0.4,0.8,6,42,30,1010,386,579,0.3,22.5,18.3,1.6,0.3,10.9,"Sodium"
2003-10-22,2003,"During","37-48","F5",8.1,0.5,0.4,0.4,5,27,32,1080,450,500,0.3,23.1,32.1,1.4,0.2,11.4,"Sodium"
2004-06-15,2004,"Before","0-12","F5",6.7,0.54,2.1,12.4,16,35,315,1280,50,101,1.3,58.6,34,2.9,0.8,8.1,"Sodium"
2004-06-15,2004,"Before","13-24","F5",7.2,0.52,1,5.7,10,31,311,1380,66,122,0.7,36.9,32.1,2.3,0.5,8.8,"Sodium"
2004-06-15,2004,"Before","25-36","F5",7.3,0.58,1.3,8.8,14,38,219,1360,135,159,0.7,39.5,27.7,2,0.9,9.2,"Sodium"
2004-06-15,2004,"Before","37-48","F5",7.2,0.64,1.4,9.5,13,39,211,1310,129,156,0.7,38.8,25.2,2,0.4,8.8,"Sodium"
2004-04-22,2004,"Before","0-12","F5",8.3,0.48,0.4,4.3,8,37,120,1140,182,228,0.1,21.1,6.4,2,0.7,8.5,"Sodium"
2004-04-22,2004,"Before","13-24","F5",7.7,0.58,0.7,12.4,11,59,218,1300,107,154,0.5,33,6,2.7,1,8.6,"Sodium"
2004-04-22,2004,"Before","25-36","F5",8.2,0.46,0.1,1,11,51,50,1050,321,351,0.2,30.1,11.2,2.1,0.4,9.6,"Sodium"
2004-04-22,2004,"Before","37-48","F5",8,0.4,0.2,0.5,9,55,63,1110,285,315,0.4,30.8,13.1,2.3,0.5,9.5,"Sodium"
2004-02-09,2004,"Before","0-12","F5",7.6,0.46,1,0.4,8,27,225,1360,98,157,0.7,29.3,22.4,2,1,8.9,"Sodium"
2004-02-09,2004,"Before","13-24","F5",7.8,0.52,0.3,0.5,6,34,111,1290,194,292,0.4,23.2,43.6,1.6,0.7,9.6,"Sodium"
2004-02-09,2004,"Before","25-36","F5",7.9,0.56,0.2,0.4,7,45,90,1340,268,375,0.4,22.2,32.4,1.5,0.8,10.8,"Sodium"
2004-02-09,2004,"Before","37-48","F5",7.9,0.62,0.3,0.4,7,42,85,1220,291,435,0.5,27.5,31.2,1.5,0.6,10.6,"Sodium"
2004-10-27,2004,"During","0-12","F5",7.3,0.48,1.9,11,9,28,277,1300,139,212,0.9,34.7,12.3,1.8,0.7,9.3,"Sodium"
2004-10-27,2004,"During","13-24","F5",7.3,0.46,1.1,7.3,16,28,183,1250,190,162,0.7,33.4,14.4,1.5,0.7,9,"Sodium"
2004-10-27,2004,"During","25-36","F5",7.3,0.44,0.8,4.3,11,30,127,1340,260,151,0.2,28,13.5,1.1,0.6,9.8,"Sodium"
2004-10-27,2004,"During","37-48","F5",7.8,0.44,1,4.9,13,28,131,1300,221,143,0.8,28.7,12.6,1.2,0.6,9.3,"Sodium"
2004-09-01,2004,"During","0-12","F5",7.2,0.42,2.8,8.4,9,34,213,1220,61,142,1.4,46,32.8,2.6,0.6,7.8,"Sodium"
2004-09-01,2004,"During","13-24","F5",7.6,0.38,1.1,5,6,21,100,940,133,135,0.5,24.3,19.2,1.8,0.6,6.7,"Sodium"
2004-09-01,2004,"During","25-36","F5",7.4,0.94,0.3,2.8,5,20,54,1000,237,181,0.3,18,12.3,1.3,0.4,7.9,"Sodium"
2004-09-01,2004,"During","37-48","F5",7.7,0.88,0.4,2.4,6,24,56,1050,257,270,0.4,23.3,14.1,1.5,0.4,8.7,"Sodium"
2005-01-11,2005,"Winter","0-12","F5",,,,0.52,,,,20,251,1300,127,266,0.6,20.9,12.8,1.8,"Sodium"
2005-01-11,2005,"Winter","13-24","F5",,,,0.34,,,,14,129,1230,233,214,0.3,13.7,10.6,1.4,"Sodium"
2005-01-11,2005,"Winter","25-36","F5",,,,0.5,,,,26,62,1300,408,310,0.2,12,6.5,0.9,"Sodium"
2005-01-11,2005,"Winter","37-48","F5",,,,0.44,,,,29,61,1250,451,426,0.3,14.4,9,1.1,"Sodium"
2005-04-01,2005,"Before","0-12","F5",,,,0.3,,,,11,346,1210,113,147,2.1,120.9,19.4,2.6,"Sodium"
2005-04-01,2005,"Before","13-24","F5",,,,0.3,,,,9,258,1250,127,121,0.5,32.6,11,2.3,"Sodium"
2005-04-01,2005,"Before","25-36","F5",,,,0.34,,,,9,147,1270,245,231,0.3,26.1,23.7,1.7,"Sodium"
2005-04-01,2005,"Before","37-48","F5",,,,0.52,,,,13,86,1310,385,410,0.2,26.9,19.6,1.4,"Sodium"
2005-06-08,2005,"Before","0-12","F5",,0,,0.36,,,,10,393,1300,92,79,1.3,61.5,14.1,2.5,"Sodium"
2005-06-08,2005,"Before","13-24","F5",,,,0.26,,,,8,245,1320,134,107,0.6,31.4,9.6,2.1,"Sodium"
2005-06-08,2005,"Before","25-36","F5",,,,0.46,,,,8,100,1520,266,144,0.2,17.5,5.2,1.2,"Sodium"
2005-06-08,2005,"Before","37-48","F5",,,,0.32,,,,11,80,1600,353,163,0.3,18.6,6.8,1.2,"Sodium"
2005-07-08,2005,"During","0-12","F5",,,,0.34,48,,,18,218,1260,123,159,0.6,23.6,13.1,1.6,"Sodium"
2005-07-08,2005,"During","13-24","F5",,,,0.5,,,,28,121,1350,231,215,0.3,18.4,11.6,1.2,"Sodium"
2005-07-08,2005,"During","25-36","F5",,,,0.6,,,,27,150,1310,198,211,0.4,20.4,11.1,1.2,"Sodium"
2005-07-08,2005,"During","37-48","F5",,,,0.5,,,,38,60,1350,463,200,0.2,21.5,15.1,1.1,"Sodium"
2005-07-08,2005,"During","0-12","F5",,,,0.48,48,,,13,379,1290,123,204,1.6,71.2,16.4,3.5,"Sodium"
2005-10-20,2005,"During","0-12","F5",,,,0.72,12,,,42,151,1290,273,519,0.6,30.3,17.6,1.9,"Sodium"
2005-10-20,2005,"During","13-24","F5",,,,0.58,,,,41,115,1220,263,448,0.5,29.4,19.6,1.9,"Sodium"
2005-10-20,2005,"During","25-36","F5",,,,0.56,,,,47,87,1170,353,536,0.2,24.3,19.2,1.5,"Sodium"
2005-10-20,2005,"During","37-48","F5",,,,0.62,,,,41,157,1290,323,512,0.7,34.2,18.2,2,"Sodium"
2005-12-22,2005,"After","0-12","F5",,,,0.72,12,,,23,299,1370,151,418,0.8,27.5,12.6,2.2,"Sodium"
2005-12-22,2005,"After","13-24","F5",,,,0.66,12,,,19,183,1490,174,362,0.3,17.2,11.2,1.4,"Sodium"
2005-12-22,2005,"After","25-36","F5",,,,0.64,12,,,26,128,1320,241,293,0.1,13.2,6.7,0.9,"Sodium"
2005-12-22,2005,"After","37-48","F5",,,,0.62,12,,,30,114,1240,270,292,0.2,14.1,6.4,0.9,"Sodium"
2006-05-11,2006,"Before","0-12","F5",,,,0.36,12,,,11,128,1390,245,160,0.2,17.9,29.1,1.2,"Sodium"
2006-05-11,2006,"Before","13-24","F5",,,,0.26,,,,4,113,1470,263,139,0.1,16.6,20.7,1.1,"Sodium"
2006-05-11,2006,"Before","25-36","F5",,,,0.28,,,,8,62,1340,372,182,0.2,14.4,9.4,0.9,"Sodium"
2006-05-11,2006,"Before","37-48","F5",,,,0.3,,,,7,59,1320,400,198,0.1,16.2,11.2,0.7,"Sodium"
2006-07-10,2006,"During","0-12","F5",,0,,0.66,12,,,5,440,1140,115,149,1.5,72.2,27.2,2.9,"Sodium"
2006-07-10,2006,"During","13-24","F5",,,,0.58,24,,,3,408,1150,111,147,1.2,47.2,26.3,2.8,"Sodium"
2006-07-10,2006,"During","25-36","F5",,,,0.4,36,,,5,212,1270,192,170,0.4,39.6,23.7,1.7,"Sodium"
2006-07-10,2006,"During","37-48","F5",,,,0.32,48,,,5,108,1270,312,272,0.2,41,24.6,1.2,"Sodium"
2006-12-26,2006,"After","0-12","F5",,,,0.54,12,,,5,193,1130,191,186,0.2,13.4,3.8,0.7,"Sodium"
2006-12-26,2006,"After","13-24","F5",,,,0.4,,,,8,243,1090,173,177,0.4,18.6,7.2,1.1,"Sodium"
2006-12-26,2006,"After","25-36","F5",,,,0.64,,,,4,221,1070,151,168,0.4,20.5,8.4,1.4,"Sodium"
2007-08-03,2007,"During","0-12","F5",7.8,0.78,1.5,10.6,10,8,281,1180,152,336,0.6,62.8,32,2.2,,9.3,"Sodium"
2007-08-03,2007,"During","13-24","F5",8.5,0.82,0.9,4,7,12,108,1290,289,464,0.7,76,59.7,1.5,,11.2,"Sodium"
2007-08-03,2007,"During","25-36","F5",8.3,1.52,1,5.4,7,64,86,1190,394,742,0.3,44.2,23.4,1.3,,12.7,"Sodium"
2007-08-03,2007,"During","37-48","F5",8.3,1.26,0.9,3.8,6,63,58,1200,417,758,0.1,29,12.9,1.1,,12.9,"Sodium"
2007-11-28,2007,"After","0-12","F5",7.5,1.04,2.3,16.7,18,78,349,1120,112,357,1.8,44.5,16.2,2.8,,9,"Sodium"
2007-11-28,2007,"After","13-24","F5",7.4,1.04,2.4,9.5,20,91,415,1220,83,356,1.9,45.2,16.1,2.8,,9.4,"Sodium"
2007-11-28,2007,"After","25-36","F5",7.8,0.92,1.6,8.4,15,85,327,1540,111,457,1.1,31,12.2,2.2,,11.5,"Sodium"
2007-11-28,2007,"After","37-48","F5",8.1,1,1.2,4.4,13,70,168,1210,213,484,0.7,26.2,14.5,2.1,,10.4,"Sodium"
2008-05-06,2008,"Before","0-12","F5",7,0.52,2.8,2.6,18,33,365,1330,112,103,1.3,42.9,8.7,2.4,,9,"Sodium"
2008-05-06,2008,"Before","13-24","F5",7.9,0.64,1.5,4.4,13,42,293,1260,132,297,0.7,30.5,11.6,2.1,,9.4,"Sodium"
2008-05-06,2008,"Before","25-36","F5",8.2,0.7,1.2,3.9,10,46,175,1190,165,342,0.4,21.7,11.6,1.7,,9.3,"Sodium"
2008-05-06,2008,"Before","37-48","F5",8.2,1,0.9,1.9,11,47,53,1080,344,556,0.2,14.5,7,0.9,,10.8,"Sodium"
2009-07-17,2009,"During","0-12","F5",7.5,1.08,2.9,24.6,40,26,705,1230,193,356,3.2,65.8,23.4,4.6,,11.1,"Sodium"
2009-07-17,2009,"During","13-24","F5",8.7,1.12,1.1,5.7,16,28,194,780,340,1056,1.9,42.2,49.5,3.5,,,"Sodium"
2009-07-17,2009,"During","25-36","F5",8.6,1.44,1,4,7,46,65,890,649,1574,2.3,35.4,32.2,2.3,,,"Sodium"
2009-07-17,2009,"During","37-48","F5",8.1,1.2,0.8,4.1,10,62,48,1110,721,835,2.1,22.4,8.1,1.1,,15.3,"Sodium"
2011-02-10,2011,"Winter","0-12","F5",,,,0.98,36,,,14,172,860,494,1096,0.4,24.2,12,2.5,"Sodium"
2011-02-10,2011,"Winter","13-24","F5",,,,1.06,,,,18,170,860,505,1143,0.5,28.1,9.2,2.2,"Sodium"
2011-02-10,2011,"Winter","25-36","F5",,,,1.08,,,,15,279,640,318,835,0.3,19.8,27.9,2.6,"Sodium"
2011-07-13,2011,"During","0-12","F5",,,,0.86,48,,,18,554,990,205,525,1.3,39.8,8.1,3.5,"Sodium"
2011-07-13,2011,"During","13-24","F5",,,,1.08,,,,20,438,820,222,773,0.9,33,9.7,3.5,"Sodium"
2011-07-13,2011,"During","25-36","F5",,,,1.16,,,,37,259,740,353,1084,0.6,28.5,12.5,3,"Sodium"
2011-07-13,2011,"During","37-48","F5",,,,1.08,,,,72,172,840,492,1077,0.8,26.6,6.8,2.5,"Sodium"
2013-06-28,2013,"Before","0-12","F5",8.5,0.32,0.7,1.2,5,36,80,1000,306,672,0.1,17.7,6.4,0.9,,10.7,"Potassium"
2013-06-28,2013,"Before","13-24","F5",8.8,0.82,0.5,1.5,5,24,46,780,305,565,0.1,23.1,7.8,0.7,,9,"Potassium"
2013-06-28,2013,"Before","25-36","F5",8.6,0.66,0.6,1.5,6,25,70,840,266,552,0.1,22.9,8.3,0.9,,9,"Potassium"
2013-06-28,2013,"Before","37-48","F5",8.7,0.8,0.5,2.5,6,28,64,830,300,701,0.1,24.5,23.3,1,,9.9,"Potassium"
2014-06-23,2014,"Before","0-12","F5",8.8,0.56,0.9,2.1,3,19,47,1080,579,975,0.1,15.2,6,0.8,,14.6,"Potassium"
2014-06-23,2014,"Before","13-24","F5",8.8,0.4,0.7,2.8,4,14,40,880,512,876,0.1,14.8,8.5,1.1,,12.6,"Potassium"
2014-06-23,2014,"Before","25-36","F5",9,0.6,0.6,1.7,5,10,41,790,401,757,0.1,17.2,11.1,0.9,,10.7,"Potassium"
2014-06-23,2014,"Before","37-48","F5",8.7,0.84,0.6,2,3,23,44,1070,604,668,0.1,15.2,5.7,0.7,,13.4,"Potassium"
2015-12-02,2015,"After","0-12","F5",8.5,1.64,0.7,0.6,3,103,62,990,459,789,0.2,11.3,12.7,0.8,0.2,12.4,"Potassium"
2015-12-02,2015,"After","13-24","F5",8.6,1.44,0.7,0.9,3,87,33,1060,467,854,0.2,14.2,9.6,0.9,0.2,13,"Potassium"
2015-12-02,2015,"After","0-12","F5",8,2.26,0.8,1.5,1,166,26,1640,891,452,0.2,8.1,1.4,0.5,0.1,17.7,"Potassium"
2015-12-02,2015,"After","13-24","F5",8.3,1.22,0.7,0.5,2,73,21,930,473,305,0.2,8.7,2.3,0.4,0.1,10,"Potassium"
2015-08-01,2015,"During","0-12","F5",7.4,0.78,1.5,14.8,5,35,268,1410,86,48,0.5,11.1,4.2,1.5,0.8,8.7,"Potassium"
2015-08-01,2015,"During","13-24","F5",7.8,0.94,0.9,3.3,5,74,62,1350,336,195,0.4,7.8,2.4,0.9,0.2,10.6,"Potassium"
2009-11-25,2009,"After","0-12","F5 ",7.8,1.1,3.8,54.6,32,16,601,1110,159,517,1.9,49.1,5,3.1,0.9,10.7,"Sodium"
2009-11-25,2009,"After","13-24","F5 ",8.4,0.7,2.1,21.9,22,15,551,1080,190,464,1.1,40.6,9.3,3.9,1.3,10.4,"Sodium"
2009-11-25,2009,"After","25-36","F5 ",8.8,0.58,1.1,4.5,8,11,536,880,309,452,0.5,18.2,12.4,2.7,1.2,10.3,"Sodium"
2009-11-25,2009,"After","37-48","F5 ",9,1.02,1,0.7,8,37,121,820,711,1521,0.3,29.9,6.8,1.9,0.3,,"Sodium"
2010-07-13,2010,"During","0-12","F5 ",8.5,1.02,1.2,4.7,7,29,79,1120,671,1373,0.3,16.6,9.6,1.5,0.4,,"Sodium"
2010-07-13,2010,"During","13-24","F5 ",8.5,1.1,1.1,4.3,5,24,79,1100,612,1412,0.2,16,9,1.6,0.5,,"Sodium"
2010-07-13,2010,"During","25-36","F5 ",8.4,1.26,1.3,5.3,9,21,102,1010,508,1229,0.4,18.3,13.5,1.9,0.5,,"Sodium"
2010-07-13,2010,"During","37-48","F5 ",8.6,1.3,1,1.2,5,41,58,960,743,1621,0.2,15.4,10.3,1.6,0.3,,"Sodium"
2016-06-09,2016,"Before","0-12","F5 ",,,,0.72,24,,,20,1384,1390,134,65,0.8,26.6,19.9,3.3,"Potassium"
2016-06-09,2016,"Before","13-24","F5 ",,,,1.14,,,,45,302,1200,516,527,0.5,16.1,19.6,1.9,"Potassium"
2000-04-14,2000,"Before","0-12","F6",6.7,1.26,5.7,1.3,11,65,272,1370,156,82,2.8,137,44.1,3,1.3,10.2,"Sodium"
2000-04-14,2000,"Before","13-24","F6",7.2,0.66,0.6,0.2,3,23,47,1040,344,118,0.1,42.8,38.3,2,0.8,8.7,"Sodium"
2001-08-03,2001,"During","0-12","F6",8.4,1.06,3.5,27,18,31,443,1650,197,744,1.6,67,29,3.1,1.1,14.3,"Sodium"
2001-08-03,2001,"During","13-24","F6",8.1,0.6,0.7,8.7,5,39,240,1380,269,543,0.3,45.8,37.3,1.8,0.9,12.1,"Sodium"
2001-08-03,2001,"During","25-36","F6",8.1,0.78,0.5,1.7,5,65,114,1150,309,830,0.2,47.6,32.5,1.6,0.7,12.2,"Sodium"
2001-08-03,2001,"During","37-48","F6",8.2,0.76,0.4,0.6,6,74,96,1160,342,872,0.1,44.3,32.3,1.5,0.6,12.7,"Sodium"
2001-06-21,2001,"Before","0-12","F6",7,1,3.8,21,22,70,659,1720,167,263,2.7,59.6,51.3,4,0.7,12.8,"Sodium"
2001-06-21,2001,"Before","13-24","F6",7.4,0.78,1.4,30,7,37,291,1560,279,339,1,46,42.2,3.2,0.7,12.3,"Sodium"
2001-06-21,2001,"Before","25-36","F6",7.4,0.6,1.4,9.2,2,20,149,1850,482,313,0.6,59.6,33,4.1,0.5,15,"Sodium"
2001-06-21,2001,"Before","37-48","F6",7.2,0.52,0.6,1.2,2,11,93,2090,798,179,0.1,45.7,28.6,3.6,0.4,18.1,"Sodium"
2002-04-12,2002,"Before","0-12","F6",7.7,0.68,2.7,15.4,11,64,319,1510,182,172,3.2,44.2,35.5,3.6,0.9,10.6,"Sodium"
2002-04-12,2002,"Before","13-24","F6",8.2,0.26,1.3,0.9,5,17,264,1150,223,182,1.8,67.4,61.2,3.5,0.8,9.1,"Sodium"
2002-04-12,2002,"Before","25-36","F6",8.1,0.22,0.9,0.8,4,12,114,1130,299,166,0.8,55.5,44.9,2.9,0.8,9.2,"Sodium"
2002-08-15,2002,"During","0-12","F6",7.7,0.64,1.5,4.4,6,35,161,1040,187,456,1.3,58.1,23.6,2.8,1.1,9.2,"Sodium"
2002-08-15,2002,"During","13-24","F6",7.9,0.76,0.7,8.9,5,17,127,1040,249,597,0.7,46.3,20,2.4,2,,"Sodium"
2002-08-15,2002,"During","25-36","F6",8.2,0.6,0.2,4.7,5,34,66,1050,305,671,0.6,43.7,16.6,2.1,1.4,,"Sodium"
2002-06-15,2002,"Before","0-12","F6",7.3,0.34,3,0.5,21,31,436,1360,73,40,3.2,60.4,50.4,3.4,1,8.7,"Sodium"
2002-06-15,2002,"Before","13-24","F6",6.9,0.36,1.2,10.9,8,21,142,950,199,89,1.6,36.6,29.7,3.4,1.2,8.2,"Sodium"
2002-06-15,2002,"Before","25-36","F6",6.4,0.3,0.8,6.4,3,5,66,1170,294,75,0.9,72.4,36.5,4.5,2.7,11.8,"Sodium"
2002-06-15,2002,"Before","37-48","F6",6.6,0.26,0.5,4.8,2,10,40,1040,308,58,0.7,49.4,21.7,3.3,1.9,10.1,"Sodium"
2002-10-16,2002,"During","0-12","F6",6.1,0.56,3.9,36.5,20,65,574,1140,130,161,4.2,152,84.7,3,0.5,11,"Sodium"
2002-10-16,2002,"During","13-24","F6",6.7,0.36,3.1,16.5,12,33,507,1150,139,173,2.1,125,64.3,2.9,0.5,9,"Sodium"
2002-10-16,2002,"During","25-36","F6",7.7,0.56,2.6,14.2,16,31,395,1080,254,669,1.5,69.9,19.7,2.7,0.8,,"Sodium"
2003-06-24,2003,"Before","0-12","F6",7.3,0.98,1.5,31.2,16,11,384,1280,176,162,1.3,48.3,13.8,2.6,,9.6,"Sodium"
2003-06-24,2003,"Before","13-24","F6",7.8,0.34,0.5,2,6,10,170,1030,261,256,0.5,24.3,12.5,2.5,,8.9,"Sodium"
2003-06-24,2003,"Before","25-36","F6",7.7,0.34,0.5,0.3,6,12,160,730,180,289,0.4,23.9,25.9,3,,6.8,"Sodium"
2003-06-24,2003,"Before","37-48","F6",7.6,0.36,0.9,0.3,7,11,121,870,232,386,0.7,46.9,52.3,3.7,,8.3,"Sodium"
2003-09-10,2003,"During","0-12","F6",7.8,0.44,0.3,3.2,7,20,115,990,212,319,0.4,19.1,13.8,2,0.6,8.4,"Sodium"
2003-09-10,2003,"During","13-24","F6",7.7,0.42,0.4,1.4,7,13,166,940,200,249,0.4,18.3,12.7,1.9,0.6,7.9,"Sodium"
2003-09-10,2003,"During","25-36","F6",7.6,0.38,0.5,0.4,4,13,37,1060,352,324,0.3,18.8,10.3,1.7,0.2,9.7,"Sodium"
2003-09-10,2003,"During","37-48","F6",7.6,0.38,0.2,0.3,5,10,25,1070,395,296,0.4,16.1,9.4,1.4,0.1,10,"Sodium"
2003-10-22,2003,"During","0-12","F6",7.6,0.54,4,7.8,20,30,467,1400,84,407,2,81.3,14,3.4,0.8,10.7,"Sodium"
2003-10-22,2003,"During","13-24","F6",8.1,0.44,0.9,3.7,4,23,75,1190,239,486,0.4,28.9,13.7,2.5,0.5,10.2,"Sodium"
2003-10-22,2003,"During","25-36","F6",7,0.34,0.6,2.4,3,11,28,1350,433,154,0.2,24.2,7.5,2.3,0.2,11.1,"Sodium"
2003-10-22,2003,"During","37-48","F6",7.1,0.52,0.5,2.8,5,11,34,1450,484,157,0.3,22.8,6.6,2.1,0.3,12.1,"Sodium"
2004-06-15,2004,"Before","0-12","F6",6.8,0.34,1.8,7.8,19,13,399,1030,105,121,1.8,81.4,21.8,2.8,0.4,7.6,"Sodium"
2004-06-15,2004,"Before","13-24","F6",7.5,0.28,0.8,4.4,11,12,261,1020,183,189,0.8,45.1,19.7,2.2,0.8,8.1,"Sodium"
2004-06-15,2004,"Before","25-36","F6",8.4,0.4,0.4,2.5,25,18,25,830,279,589,0.3,17.8,10.4,1.8,0.2,9.1,"Sodium"
2004-06-15,2004,"Before","37-48","F6",8.2,0.34,0.7,2.7,10,13,100,940,252,407,0.3,23,13.4,2,0.6,8.8,"Sodium"
2004-10-27,2004,"During","0-12","F6",7.5,1.34,0.5,3.4,16,192,67,1410,462,717,0.4,20.6,5.7,1.2,0.5,14.2,"Sodium"
2004-10-27,2004,"During","13-24","F6",7.6,1.82,0.3,2.7,3,217,51,1560,762,844,0.3,22.9,4.2,1.1,0.3,18,"Sodium"
2004-10-27,2004,"During","25-36","F6",7.7,1.48,0.2,1.9,4,144,57,1460,817,664,0.3,27.2,4.5,1.1,0.3,17.1,"Sodium"
2004-10-27,2004,"During","37-48","F6",7.6,0.94,0.4,2.1,5,120,67,1400,545,583,0.7,29.1,5.8,1.4,0.4,14.2,"Sodium"
2004-09-01,2004,"During","0-12","F6",7,0.92,3.5,12.4,17,42,402,1310,116,245,1.9,55,20.8,3.4,0.9,9.6,"Sodium"
2004-09-01,2004,"During","13-24","F6",7.4,0.74,0.7,7,5,37,208,1480,177,268,0.5,33.7,17.7,2.2,1.2,10.6,"Sodium"
2004-09-01,2004,"During","25-36","F6",7.6,0.82,0.6,4.8,5,49,109,1360,286,509,0.4,33.1,14.9,1.8,0.7,11.7,"Sodium"
2004-09-01,2004,"During","37-48","F6",7.6,0.52,1.2,6.8,20,44,122,1310,267,437,0.6,48.2,22.3,2.2,0.8,11,"Sodium"
2005-01-11,2005,"Winter","0-12","F6",,,,0.92,,,,77,154,1560,254,363,0.4,18.3,9.4,1.6,"Sodium"
2005-01-11,2005,"Winter","13-24","F6",,,,1.12,,,,94,105,1660,428,742,0.2,17.7,7.4,1.2,"Sodium"
2005-01-11,2005,"Winter","25-36","F6",,,,1.6,,,,151,68,1530,648,876,0.2,18,4.5,1,"Sodium"
2005-01-11,2005,"Winter","37-48","F6",,,,1.8,,,,194,62,1530,769,783,0.1,19.3,4.2,0.9,"Sodium"
2005-04-01,2005,"Before","0-12","F6",,,,0.52,,,,23,338,1330,184,298,1,39.7,12.4,2.7,"Sodium"
2005-04-01,2005,"Before","13-24","F6",,,,0.58,,,,21,200,1340,251,343,0.4,26,12.7,2.2,"Sodium"
2005-04-01,2005,"Before","25-36","F6",,,,0.64,,,,30,81,1120,357,707,0.3,29.2,16.9,2.1,"Sodium"
2005-04-01,2005,"Before","37-48","F6",,,,0.84,,,,50,66,1130,377,806,0.2,28.1,16.5,1.7,"Sodium"
2005-06-08,2005,"Before","0-12","F6",,,,0.86,,,,56,309,1690,99,248,0.7,25.5,5.9,2.5,"Sodium"
2005-06-08,2005,"Before","13-24","F6",,,,1.04,,,,68,231,1760,119,290,1,31.9,8,2.6,"Sodium"
2005-06-08,2005,"Before","25-36","F6",,,,1.02,,,,64,124,1710,144,327,0.4,22.4,6,2,"Sodium"
2005-06-08,2005,"Before","37-48","F6",,,,0.9,,,,63,173,1770,155,311,0.7,28.9,6.7,2.1,"Sodium"
2005-07-08,2005,"During","13-24","F6",,,,0.58,,,,17,106,1330,341,362,0.2,21.7,11,1.6,"Sodium"
2005-07-08,2005,"During","25-36","F6",,,,0.56,,,,21,50,1270,469,614,0.1,19.7,6.3,1,"Sodium"
2005-07-08,2005,"During","37-48","F6",,,,0.82,,,,28,57,1430,690,592,0.1,20.8,3.1,0.8,"Sodium"
2005-10-20,2005,"During","0-12","F6",,,,0.98,12,,,131,154,2120,168,477,0.4,29.5,13.7,1.7,"Sodium"
2005-10-20,2005,"During","13-24","F6",,,,1.06,,,,175,154,2550,222,532,0.4,34.4,12.7,1.7,"Sodium"
2005-10-20,2005,"During","25-36","F6",,,,1.14,,,,168,97,2260,268,476,0.2,30.5,11.5,1.4,"Sodium"
2005-10-20,2005,"During","37-48","F6",,,,1.16,,,,153,81,2090,323,513,0.3,36.2,12.7,1.5,"Sodium"
2005-12-22,2005,"After","0-12","F6",,,,0.66,12,,,8,355,1150,203,656,0.7,26.6,9.7,2.1,"Sodium"
2005-12-22,2005,"After","13-24","F6",,,,0.78,12,,,16,138,1040,271,862,0.9,20.8,10.6,1.7,"Sodium"
2005-12-22,2005,"After","25-36","F6",,,,0.66,12,,,40,54,1020,422,645,1.1,32.7,18.8,2.1,"Sodium"
2005-12-22,2005,"After","37-48","F6",,,,1,12,,,35,69,1030,371,891,2.3,26.8,12.2,1.6,"Sodium"
2006-05-11,2006,"Before","0-12","F6",,,,0.92,12,,,28,75,1650,451,709,0.3,25.3,16.3,1.1,"Sodium"
2006-05-11,2006,"Before","13-24","F6",,,,1,,,,31,61,1580,548,874,0.1,18.5,9.2,1,"Sodium"
2006-05-11,2006,"Before","25-36","F6",,,,0.92,,,,37,60,1500,593,922,0.2,30.5,11.5,0.9,"Sodium"
2006-05-11,2006,"Before","37-48","F6",,,,0.98,,,,42,51,1430,668,916,0.1,17.4,6.5,0.9,"Sodium"
2006-07-10,2006,"During","0-12","F6",,0,,1.16,12,,,52,551,1030,172,243,3.8,172,33.6,4.4,"Sodium"
2006-07-10,2006,"During","13-24","F6",,0,,1.42,24,,,55,539,1060,190,359,3.1,252,103,4.2,"Sodium"
2006-12-26,2006,"After","0-12","F6",,,,0.84,12,,,29,157,1120,314,488,0.3,53.1,9.7,2.3,"Sodium"
2006-12-26,2006,"After","13-24","F6",,,,0.86,,,,31,144,1090,315,529,0.5,60.6,9.9,2.7,"Sodium"
2006-12-26,2006,"After","25-36","F6",,,,0.68,,,,27,98,980,357,611,0.3,42.3,8.4,1.9,"Sodium"
2007-08-03,2007,"During","0-12","F6",7.6,0.96,1.3,7.5,15,23,446,1070,148,298,0.3,106,71.9,2.1,,9,"Sodium"
2007-08-03,2007,"During","13-24","F6",7.7,0.82,1.3,6.4,16,30,451,1230,197,489,0.4,75.6,45.8,1.8,,11.1,"Sodium"
2007-08-03,2007,"During","25-36","F6",8,0.86,1.3,5.1,15,41,197,1110,287,482,0.3,51.4,23.6,1.4,,10.5,"Sodium"
2007-08-03,2007,"During","37-48","F6",8.1,1.06,0.6,3.3,10,26,91,1080,290,527,0.6,34,17.5,1.4,,10.3,"Sodium"
2007-11-28,2007,"After","0-12","F6",7.6,0.8,1.7,8.7,17,54,571,1140,132,373,1,49.8,12,3.3,,9.9,"Sodium"
2007-11-28,2007,"After","13-24","F6",7.6,0.54,1.3,5.3,15,45,412,1030,126,361,0.7,46.1,13.1,3,,8.8,"Sodium"
2007-11-28,2007,"After","25-36","F6",7.4,0.74,1.3,5.3,14,49,305,1170,176,469,0.7,50.7,13.8,2.9,,10.1,"Sodium"
2007-11-28,2007,"After","37-48","F6",7.7,0.7,0.9,1.9,9,41,222,1180,247,716,0.4,40.9,13,2.4,,11.6,"Sodium"
2008-05-06,2008,"Before","0-12","F6",7.5,0.66,1.9,18.7,20,27,539,1450,148,150,0.9,37.1,6.6,2.4,,10.5,"Sodium"
2008-05-06,2008,"Before","13-24","F6",8.2,0.44,1,10.2,14,25,319,1200,172,372,0.3,25.1,7.3,1.8,,9.9,"Sodium"
2008-05-06,2008,"Before","25-36","F6",8,0.58,1.6,16.7,15,35,283,1160,166,329,0.5,36.8,7.2,2.1,,9.3,"Sodium"
2008-05-06,2008,"Before","37-48","F6",8.1,0.8,1.2,15.4,11,38,169,1100,222,598,0.4,35.3,6.6,2,,10.4,"Sodium"
2009-07-17,2009,"During","0-12","F6",7.4,0.84,2.2,30,50,13,623,890,190,426,3,78.8,23.3,4.5,,9.5,"Sodium"
2009-07-17,2009,"During","13-24","F6",8.8,1.06,0.8,5.8,16,15,206,700,315,881,10.3,27.7,35.1,2.3,,10.5,"Sodium"
2009-07-17,2009,"During","25-36","F6",8.5,1.34,0.6,3.1,9,36,56,570,521,1512,3,24.2,15.8,1.6,,,"Sodium"
2009-07-17,2009,"During","37-48","F6",8.1,1.76,0.9,1.6,3,75,81,1610,1434,1451,4.1,16.2,3.7,0.8,,,"Sodium"
2011-02-10,2011,"Winter","13-24","F6",,,,0.78,,,,20,189,350,236,998,0.1,13,11.8,0.9,"Sodium"
2011-02-10,2011,"Winter","25-36","F6",,,,0.64,,,,12,492,560,149,491,0.8,36,10.1,1.6,"Sodium"
2011-02-10,2011,"Winter","37-48","F6",,,,0.7,,,,14,623,610,131,197,1.9,84.6,6.5,2.7,"Sodium"
2011-07-13,2011,"During","0-12","F6",,,,0.92,48,,,50,672,860,181,307,4,135,45.8,3.8,"Sodium"
2011-07-13,2011,"During","13-24","F6",,,,0.66,,,,37,693,850,175,312,4.8,184,98.6,4.3,"Sodium"
2011-07-13,2011,"During","25-36","F6",,,,0.66,,,,25,571,730,186,488,3.7,65.8,12.9,3.7,"Sodium"
2011-07-13,2011,"During","37-48","F6",,,,0.88,,,,33,600,720,174,459,3.7,62.8,10.9,3.5,"Sodium"
2013-06-28,2013,"Before","0-12","F6",7.8,1.02,1.4,11.6,10,39,234,1850,180,161,0.5,16.4,7.8,1.3,,12.1,"Potassium"
2013-06-28,2013,"Before","13-24","F6",6.8,0.9,1.6,11.2,9,15,176,1570,403,318,0.3,21,6.9,0.9,,13,"Potassium"
2013-06-28,2013,"Before","25-36","F6",8.3,0.9,0.8,2.6,4,19,99,1360,431,437,0.1,16.7,6.2,0.9,,12.5,"Potassium"
2013-06-28,2013,"Before","37-48","F6",8.3,0.7,0.6,3.2,6,29,62,950,321,468,0.2,13.5,7.1,0.8,,9.6,"Potassium"
2014-06-23,2014,"Before","0-12","F6",8,0.98,1.1,11,15,42,397,1200,206,114,0.6,30.3,9.2,1.9,,9.2,"Potassium"
2014-06-23,2014,"Before","13-24","F6",8.1,0.84,0.9,8.9,10,38,486,1230,147,61,0.3,24.3,10.7,2,,8.9,"Potassium"
2014-06-23,2014,"Before","25-36","F6",8.6,0.98,0.8,2.6,3,59,26,960,652,847,0.1,16.4,6,0.9,,14,"Potassium"
2014-06-23,2014,"Before","37-48","F6",8.2,1.82,0.8,1.2,1,120,85,1580,1065,766,0.1,11.5,1.3,0.6,,20.3,"Potassium"
2015-12-02,2015,"After","0-12","F6",8.2,3.18,0.9,1,2,330,32,1410,818,1503,0.2,14.3,3,0.7,0.3,,"Potassium"
2015-12-02,2015,"After","13-24","F6",8.4,3.44,0.8,1.5,1,345,32,1160,876,1603,0.1,13.8,2.3,0.7,0.1,,"Potassium"
2015-08-01,2015,"During","0-12","F6",7.9,1.22,1.3,11.8,7,72,844,1270,141,21,0.5,11.8,7.3,2,1.1,9.8,"Potassium"
2015-08-01,2015,"During","13-24","F6",7.9,0.86,1.1,0.7,4,59,118,1170,411,152,0.4,16,8.9,1.8,0.9,10.2,"Potassium"
2016-06-09,2016,"Before","13-24","F6",,,,0.48,,,,24,356,1490,295,59,0.5,11.5,7.6,1.3,"Potassium"
2016-06-09,2016,"Before","0-12","F6",,,,0.98,24,,,37,1286,1660,100,26,2.9,55.5,9.1,3.8,"Potassium"
2009-11-25,2009,"After","0-12","F6 ",8,0.36,2.2,20.2,29,7,608,840,127,336,1.8,81.5,8.1,3.5,0.7,8.3,"Sodium"
2009-11-25,2009,"After","13-24","F6 ",8.7,0.46,1.3,18.2,18,13,377,800,266,607,1.1,46.1,10,2.8,0.9,9.8,"Sodium"
2009-11-25,2009,"After","25-36","F6 ",8.9,0.86,0.8,3.1,8,14,518,780,226,603,0.3,21.9,15.5,2.2,1,9.7,"Sodium"
2009-11-25,2009,"After","37-48","F6 ",9.3,0.98,0.6,1.9,5,35,70,740,596,1201,0.2,19,4.3,1.4,0.4,,"Sodium"
2010-07-13,2010,"During","0-12","F6 ",8,0.64,1,5.3,8,5,410,1290,100,276,0.3,16.1,7.3,1.7,1.2,9.5,"Sodium"
2010-07-13,2010,"During","13-24","F6 ",8.2,0.66,0.8,3.7,7,9,205,1290,281,363,0.1,17.5,8.1,1.3,1,10.9,"Sodium"
2010-07-13,2010,"During","25-36","F6 ",8.3,0.66,0.8,2.2,8,10,203,1260,232,348,0.2,19.9,6.7,1.4,1,10.3,"Sodium"
2010-07-13,2010,"During","37-48","F6 ",8.5,0.42,0.6,3.7,7,12,57,920,337,722,0.1,19.9,4.1,0.9,0.5,10.7,"Sodium"
2000-04-14,2000,"Before","0-12","F7",7.9,0.72,4.6,28,55,12,348,2860,779,52,6.5,67.5,13.9,4.5,1.2,21.9,"Sodium"
2001-08-03,2001,"During","0-12","F7",7.7,0.64,3.5,1.7,21,18,510,1070,359,492,1.2,93.9,61,6.4,1.1,11.8,"Sodium"
2001-08-03,2001,"During","13-24","F7",7.7,0.48,3.1,0.9,23,13,551,1000,360,377,1.2,95.1,61.5,7.2,1.2,11.1,"Sodium"
2001-08-03,2001,"During","25-36","F7",8.1,0.62,0.6,0.4,8,11,208,1220,485,288,0.3,63.9,60.8,4.6,0.7,11.9,"Sodium"
2001-06-21,2001,"Before","0-12","F7",7.5,0.7,1.9,7.9,12,13,350,1250,386,290,0.7,71.6,48.1,3.7,1.1,11.6,"Sodium"
2001-06-21,2001,"Before","13-24","F7",7.3,0.98,3,39,18,20,450,1150,382,314,1.1,87.2,53.6,4.8,1.3,11.5,"Sodium"
2001-06-21,2001,"Before","25-36","F7",8,0.6,0.7,11,4,15,185,1740,605,366,0.2,41.3,29.7,2.2,0.6,15.8,"Sodium"
2001-06-21,2001,"Before","37-48","F7",7.8,0.56,0.9,12,6,20,118,1780,733,353,0.3,39.9,26.3,1.9,0.5,16.8,"Sodium"
2001-10-18,2001,"During","0-12","F7",7.7,0.68,1.2,25,11,11,459,1210,412,307,0.8,60.4,13.6,3,1,12,"Sodium"
2001-10-18,2001,"During","13-24","F7",7,0.64,2,48,13,16,408,1040,370,257,1,107,13.8,4,0.8,10.4,"Sodium"
2001-10-18,2001,"During","25-36","F7",6.8,0.46,0.7,12,8,11,141,1380,464,228,0.8,30.5,11.6,2.3,0.9,14.1,"Sodium"
2001-10-18,2001,"During","37-48","F7",7.9,0.46,0.7,17,8,9,211,1230,430,264,0.5,34.5,7.1,2.4,0.6,11.4,"Sodium"
2002-04-12,2002,"Before","0-12","F7",6.8,1,3,66.7,31,15,416,850,332,160,1.9,212,45.3,5.2,1.1,8.8,"Sodium"
2002-04-12,2002,"Before","13-24","F7",6.6,0.98,3.5,82.3,35,19,568,780,318,166,2.3,280,45.8,5.8,1.1,9.7,"Sodium"
2002-04-12,2002,"Before","25-36","F7",8.6,0.46,0.3,9.9,6,16,715,1010,332,142,0.8,35.3,62.6,3.7,1.8,10.3,"Sodium"
2002-04-12,2002,"Before","37-48","F7",8.6,0.38,0.1,1.9,1,7,63,1430,735,328,0.2,17.7,14.7,1.3,0.6,14.9,"Sodium"
2002-08-15,2002,"During","0-12","F7",8,0.86,2.1,44.1,18,18,448,1020,367,444,3.4,96.1,37.2,4.4,1.4,11.2,"Sodium"
2002-08-15,2002,"During","13-24","F7",7.8,0.98,2,46.7,18,22,509,1030,378,437,3.7,102,38.2,4.3,1.6,11.5,"Sodium"
2002-08-15,2002,"During","25-36","F7",7.8,0.9,1.5,41.1,18,30,441,1070,386,413,1.6,79.8,29.5,3.7,0.7,11.5,"Sodium"
2002-06-15,2002,"Before","0-12","F7",6.6,0.96,1.9,57.7,11,17,355,680,239,433,2.9,135,174,5.1,1.2,10.2,"Sodium"
2002-06-15,2002,"Before","13-24","F7",7.4,0.92,1.2,52,11,17,375,810,273,332,1.1,74.9,23.6,3.9,2.7,8.7,"Sodium"
2002-06-15,2002,"Before","25-36","F7",8.1,0.86,0.7,29.5,8,16,228,1110,366,364,0.3,44.1,14.3,2.7,1.9,10.8,"Sodium"
2002-06-15,2002,"Before","37-48","F7",8.3,0.56,0.1,13.2,6,5,89,1190,471,496,0.1,29.6,9.8,1.6,1.1,12.3,"Sodium"
2003-06-24,2003,"Before","0-12","F7",7.7,0.5,1.6,3.8,15,9,320,1020,423,355,0.8,57.6,24.4,3.4,,11,"Sodium"
2003-06-24,2003,"Before","13-24","F7",8,0.72,0.5,10.9,7,6,95,1520,828,262,0.6,23.7,6.5,1.4,,15.9,"Sodium"
2003-06-24,2003,"Before","25-36","F7",7.7,0.68,1.2,13.1,13,8,167,1320,689,276,0.7,44.5,10,2.3,,14,"Sodium"
2003-06-24,2003,"Before","37-48","F7",7.8,0.6,0.8,10.2,15,8,184,1220,600,276,0.7,40.5,11.5,2.5,,12.8,"Sodium"
2003-09-10,2003,"During","0-12","F7",7.8,0.94,0.8,22.7,13,16,180,1070,427,411,0.6,34.9,12.5,2.5,0.7,11.2,"Sodium"
2003-09-10,2003,"During","13-24","F7",7.6,0.8,1.3,26.7,14,15,172,1110,440,382,0.7,38.5,14.9,2.6,0.6,11.3,"Sodium"
2003-09-10,2003,"During","25-36","F7",8,0.72,0.2,15.1,7,10,130,1160,477,348,0.3,15.6,7.4,1.6,0.5,11.6,"Sodium"
2003-09-10,2003,"During","37-48","F7",8.3,1.02,0.2,10.5,4,12,70,1680,790,379,0.2,15.1,5.3,1,0.2,16.8,"Sodium"
2003-10-22,2003,"During","0-12","F7",7.8,1.14,2.3,44.1,18,17,544,1030,457,652,0.9,55.4,46.1,3.2,1.5,13.2,"Sodium"
2003-10-22,2003,"During","13-24","F7",7.5,1.1,1.2,45.8,12,15,181,1230,536,457,0.5,38.8,11.2,2.2,0.8,13.1,"Sodium"
2003-10-22,2003,"During","25-36","F7",6.8,0.92,1.8,65.2,17,18,283,1090,447,395,0.9,74,15.8,3.2,0.9,12.6,"Sodium"
2003-10-22,2003,"During","37-48","F7",7.5,0.82,0.8,43.7,9,14,172,1340,699,458,0.4,41.5,10.2,2,0.6,15,"Sodium"
2004-06-15,2004,"Before","0-12","F7",6.5,0.76,2.2,37.4,35,21,335,680,283,303,1.4,166,40.3,4,0.3,7.9,"Sodium"
2004-06-15,2004,"Before","13-24","F7",7.4,0.78,1.7,26.5,21,12,550,940,397,348,0.8,77.3,29.9,3.3,0.9,10.9,"Sodium"
2004-06-15,2004,"Before","25-36","F7",7.8,0.74,0.8,16.9,11,7,204,1310,745,352,0.4,38.9,16.6,2.1,0.7,14.8,"Sodium"
2004-06-15,2004,"Before","37-48","F7",8.2,0.4,0.1,9.1,4,4,32,1500,912,178,0.1,10.2,7.3,0.5,0.3,16,"Sodium"
2004-10-27,2004,"During","0-12","F7",7.3,1.16,3.8,105,25,22,845,700,271,724,1.6,80.9,52.6,3.3,1.8,11.1,"Sodium"
2004-10-27,2004,"During","13-24","F7",8.1,0.52,1.3,11.5,17,18,506,940,338,500,0.8,52,18.4,3,1.3,11,"Sodium"
2004-10-27,2004,"During","25-36","F7",8,0.8,0.5,10,10,15,292,1130,438,427,0.5,22,15.6,2,1,11.9,"Sodium"
2004-10-27,2004,"During","37-48","F7",8,0.74,0.3,14.7,8,10,126,1470,752,395,0.1,16.5,6.8,1.2,0.5,15.7,"Sodium"
2004-09-01,2004,"During","0-12","F7",7,0.96,4.5,20.1,27,13,933,720,230,362,2,129,78.6,4.5,2,9.5,"Sodium"
2004-09-01,2004,"During","13-24","F7",7.6,0.84,1.7,20.6,15,20,576,850,218,368,0.9,69.6,35.5,3.7,1.3,9.1,"Sodium"
2004-09-01,2004,"During","25-36","F7",7.6,0.8,1.3,15.5,15,18,422,990,281,351,0.9,62.3,30.7,3.5,1,9.9,"Sodium"
2005-06-08,2005,"Before","0-12","F7",,,,0.44,,,,3,537,1090,380,206,0.8,104.1,33.8,3.8,"Sodium"
2005-06-08,2005,"Before","13-24","F7",,,,0.32,,,,10,609,810,262,228,1.5,209.6,43.4,5,"Sodium"
2005-06-08,2005,"Before","25-36","F7",,,,0.52,,,,10,281,1270,492,290,0.7,58.6,12.9,2.9,"Sodium"
2005-06-08,2005,"Before","37-48","F7",,,,0.42,,,,10,301,1190,428,297,0.7,50.2,16.1,3.1,"Sodium"
2005-10-20,2005,"During","13-24","F7",,,,0.5,24,,,10,177,1460,516,240,0.2,34.9,11.6,2,"Sodium"
2005-10-20,2005,"During","25-36","F7",,,,0.4,,,,10,232,1250,411,173,0.4,38.9,14.3,2.6,"Sodium"
2005-10-20,2005,"During","37-48","F7",,,,0.66,,,,12,154,1910,836,301,0.2,28.7,7.5,1.6,"Sodium"
2005-12-22,2005,"After","0-12","F7",,,,0.64,12,,,4,409,920,348,176,1.6,71.4,22.4,3.1,"Sodium"
2005-12-22,2005,"After","13-24","F7",,,,0.44,12,,,10,313,1080,419,316,3.1,58.3,17.5,3.5,"Sodium"
2005-12-22,2005,"After","25-36","F7",,,,0.48,12,,,13,355,970,348,402,1.5,62,15.9,3.6,"Sodium"
2005-12-22,2005,"After","37-48","F7",,,,0.48,12,,,9,125,870,293,183,2.4,18.6,8.7,2,"Sodium"
2006-07-10,2006,"During","0-12","F7",,,,0.7,12,,,10,524,930,342,320,0.7,69.7,36.1,3,"Sodium"
2006-07-10,2006,"During","13-24","F7",,,,0.72,24,,,10,493,920,336,376,0.8,75.2,32.7,3.5,"Sodium"
2006-07-10,2006,"During","25-36","F7",,,,0.8,36,,,11,448,960,333,477,0.8,54.4,30.4,3.6,"Sodium"
2006-07-10,2006,"During","37-48","F7",,,,0.8,48,,,11,256,1100,408,410,0.5,34,20.9,2.3,"Sodium"
2006-12-26,2006,"After","0-12","F7",,,,0.64,12,,,10,449,720,249,293,0.6,41,12.3,2.9,"Sodium"
2006-12-26,2006,"After","13-24","F7",,,,0.4,,,,13,479,810,271,288,0.3,21.7,5.7,1.9,"Sodium"
2006-12-26,2006,"After","25-36","F7",,,,0.32,,,,13,384,800,271,200,0.4,23.8,6.3,1.8,"Sodium"
2007-08-03,2007,"During","0-12","F7",6.4,1.26,2.4,3.9,19,114,552,820,245,187,0.7,71.5,25.3,3.1,,11.4,"Sodium"
2007-08-03,2007,"During","13-24","F7",7.3,0.48,1.3,6.3,16,7,475,780,253,335,0.6,37.5,20.8,3.1,,8.7,"Sodium"
2007-08-03,2007,"During","25-36","F7",7.5,1.04,1.3,4.4,12,39,334,1110,314,340,0.6,29.7,16.7,2.1,,10.5,"Sodium"
2007-08-03,2007,"During","37-48","F7",7.3,0.98,1.5,5.5,15,39,304,1260,353,296,0.3,31.1,11.3,1.8,,11.3,"Sodium"
2007-11-28,2007,"After","0-12","F7",7.9,0.66,1.5,8.6,18,64,588,980,347,651,0.9,68.5,14.3,4.8,,12.1,"Sodium"
2007-11-28,2007,"After","13-24","F7",7.9,0.68,1.3,12,15,63,451,850,283,516,0.6,51.4,16,4,,10,"Sodium"
2007-11-28,2007,"After","25-36","F7",8.1,0.84,1,6.1,11,55,181,970,359,512,0.4,25.2,10.4,2.5,,10.5,"Sodium"
2007-11-28,2007,"After","37-48","F7",8.1,0.88,0.9,4.7,10,56,137,1090,404,521,0.3,19.6,8,1.9,,11.4,"Sodium"
2008-05-06,2008,"Before","0-12","F7",7.5,0.84,1.5,6.6,13,50,358,1150,375,254,0.5,36.3,8,2.8,,10.9,"Sodium"
2008-05-06,2008,"Before","13-24","F7",7.5,0.74,1.9,5.5,14,74,338,1020,342,291,0.6,47.7,16.3,3.4,,10.1,"Sodium"
2008-05-06,2008,"Before","25-36","F7",8,0.7,1.4,5,11,75,174,1160,443,348,0.5,32.9,12.1,2.6,,11.5,"Sodium"
2008-05-06,2008,"Before","37-48","F7",8.1,1.06,1.3,3.9,9,58,116,1310,581,324,0.4,25.1,6.3,1.8,,13.1,"Sodium"
2011-02-10,2011,"Winter","0-12","F7",,,,0.6,36,,,15,572,1030,216,171,0.8,43.1,5.8,3.4,"Sodium"
2011-02-10,2011,"Winter","13-24","F7",,,,0.92,,,,40,482,950,368,317,0.4,28.4,5.8,2,"Sodium"
2011-02-10,2011,"Winter","25-36","F7",,,,1.02,,,,49,296,1070,525,458,0.3,19.5,4.2,1.4,"Sodium"
2011-07-13,2011,"During","0-12","F7",,,,0.94,48,,,41,651,1300,132,164,1.3,72.4,13.6,4.1,"Sodium"
2011-07-13,2011,"During","13-24","F7",,,,0.86,,,,37,650,1060,234,263,0.7,39,7.1,2.9,"Sodium"
2011-07-13,2011,"During","25-36","F7",,,,0.88,,,,45,495,1160,371,352,0.8,50.6,10.2,3.1,"Sodium"
2011-07-13,2011,"During","37-48","F7",,,,1.1,,,,41,491,1160,365,350,0.7,44.3,9.3,2.8,"Sodium"
2013-06-28,2013,"Before","0-12","F7",7.4,1.22,1,6.6,9,88,179,1350,427,126,0.3,19.4,6.3,1.8,,11.3,"Potassium"
2013-06-28,2013,"Before","13-24","F7",7.1,1.62,1.1,6.5,14,146,206,1060,294,184,0.5,23.9,8.7,2.5,,9.1,"Potassium"
2013-06-28,2013,"Before","25-36","F7",6.9,2.08,1.5,10.6,16,224,214,1280,304,157,0.6,32.9,9,2.6,,10.2,"Potassium"
2013-06-28,2013,"Before","37-48","F7",7.6,2.26,1.1,7.2,6,154,129,2510,1028,643,0.2,15.2,2.9,1.1,,24.2,"Potassium"
2014-06-23,2014,"Before","0-12","F7",8.4,1.76,1.2,3.5,7,109,220,1470,451,621,0.1,14.8,9.2,1.2,,14.4,"Potassium"
2014-06-23,2014,"Before","13-24","F7",8.3,2.34,0.8,1.3,4,131,66,1260,563,941,0.1,17.6,6.3,0.9,,15.3,"Potassium"
2014-06-23,2014,"Before","25-36","F7",7.6,2.72,1.3,2.9,1,177,56,2560,1322,457,0.1,6.5,0.7,0.2,,25.9,"Potassium"
2014-06-23,2014,"Before","37-48","F7",8.1,1.3,1.4,5.4,8,92,406,1840,625,363,0.9,13.2,4.6,1.3,,17,"Potassium"
2015-12-02,2015,"After","0-12","F7",7.9,1.16,0.9,2.3,6,86,134,1230,515,150,0.2,15.2,26.1,2.1,0.7,11.4,"Potassium"
2015-12-02,2015,"After","13-24","F7",7.9,2.4,1,2.3,4,213,68,1630,722,562,0.2,10.4,12.5,1.3,0.2,16.8,"Potassium"
2015-08-01,2015,"During","0-12","F7",7.8,0.7,1.5,4,15,42,449,1140,298,103,0.9,23,5.6,2.7,1,9.8,"Potassium"
2015-08-01,2015,"During","13-24","F7",7.9,1.2,1,1.2,6,102,238,980,362,210,0.4,10.4,3.1,1.4,0.8,9.4,"Potassium"
2016-06-09,2016,"Before","0-12","F7",,0,,0.82,24,,,13,1649,1640,141,52,1.4,125,13.3,4.1,"Potassium"
2016-06-09,2016,"Before","13-24","F7",,,,0.54,,,,13,497,1060,331,162,0.9,23.8,8.3,3.3,"Potassium"
2010-07-13,2010,"During","0-12","F7 ",7.7,1.6,1.4,8,15,145,387,1190,368,64,0.6,32.4,6.6,2.5,0.9,10.3,"Sodium"
2010-07-13,2010,"During","13-24","F7 ",7.5,1.22,0.8,4.7,6,130,359,950,353,134,0.2,9.2,2.5,1.5,0.7,9.2,"Sodium"
2010-07-13,2010,"During","25-36","F7 ",7.7,1.1,0.9,5.4,8,95,105,1110,547,355,0.2,14.9,3.5,1.4,0.4,11.9,"Sodium"
2010-07-13,2010,"During","37-48","F7 ",8,1.14,0.8,4.8,2,82,74,1560,850,590,0.1,9.1,1.7,0.9,0.2,17.6,"Sodium"
2000-04-14,2000,"Before","0-12","F8",7.9,0.62,1.8,0.8,13,17,113,1090,393,247,1.4,78.5,33.4,3.5,1,10.1,"Sodium"
2000-04-14,2000,"Before","13-24","F8",8,0.6,0.6,1.3,6,13,55,1280,572,223,0.2,43.1,18.9,1.7,0.6,12.3,"Sodium"
2000-04-14,2000,"Before","25-36","F8",8,0.78,0.2,1.1,4,12,38,1380,737,175,0.1,31.4,12.5,1.2,0.3,13.9,"Sodium"
2001-08-03,2001,"During","0-12","F8",8.4,0.74,0.1,0.5,2,4,92,2700,1125,438,0.1,11.2,13.4,0.8,0.1,25,"Sodium"
2001-08-03,2001,"During","13-24","F8",7.8,0.8,0.1,0.5,1,5,81,2710,1115,360,0.1,9.9,14.3,0.6,0.1,24.6,"Sodium"
2001-06-21,2001,"Before","0-12","F8",7.9,0.64,0.8,0.8,6,8,168,1590,576,590,0.4,39.5,24.4,2.6,0.4,15.7,"Sodium"
2001-06-21,2001,"Before","13-24","F8",8,0.52,0.2,0.8,1,5,97,2010,886,366,0.1,13.9,6.8,0.9,0.2,19.3,"Sodium"
2001-06-21,2001,"Before","25-36","F8",7.8,0.48,0.1,0.5,1,6,95,2110,878,267,0.1,13.4,6.2,0.9,0.2,19.3,"Sodium"
2001-06-21,2001,"Before","37-48","F8",7.5,0.46,0.1,0.6,1,5,87,1960,804,237,0.1,12.6,7.4,1,0.2,17.8,"Sodium"
2001-10-18,2001,"During","0-12","F8",7.9,0.68,0.6,5.4,6,9,97,1500,800,356,0.7,22.8,9.7,1.5,0.4,16,"Sodium"
2001-10-18,2001,"During","13-24","F8",7.9,0.54,0.1,5.5,6,8,64,1430,522,340,0.5,16.4,4,1.2,0.6,13.1,"Sodium"
2001-10-18,2001,"During","25-36","F8",8.1,0.46,0.1,6,4,10,52,1240,437,329,1.2,6.4,22.3,1.5,1.7,11.4,"Sodium"
2001-10-18,2001,"During","37-48","F8",7.9,0.48,0.2,5.1,4,7,105,1240,435,307,0.6,26.4,11.3,1.6,0.9,11.4,"Sodium"
2002-04-12,2002,"Before","0-12","F8",8.4,0.62,0.5,20.4,4,7,84,1290,740,605,1,73.5,23.6,2.4,0.8,,"Sodium"
2002-04-12,2002,"Before","13-24","F8",8.4,0.4,0.1,6.2,1,8,44,1160,555,352,0.1,27.9,11.8,1.1,0.3,12.1,"Sodium"
2002-04-12,2002,"Before","25-36","F8",8.4,0.28,0.1,3.5,2,8,30,1000,513,181,0.1,24.6,10.2,1.1,0.5,10.1,"Sodium"
2002-04-12,2002,"Before","37-48","F8",8.3,0.32,0.1,4.5,2,9,32,1140,761,182,0.2,22,13.3,1.2,0.5,12.9,"Sodium"
2002-08-15,2002,"During","0-12","F8",8.3,1.14,0.7,27.7,11,4,234,840,270,1125,1.4,73.9,36.8,4.1,1.8,,"Sodium"
2002-08-15,2002,"During","13-24","F8",7.9,0.56,0.2,5.3,6,26,154,1000,270,949,1.1,84.7,33.1,3.4,1.6,,"Sodium"
2002-08-15,2002,"During","25-36","F8",8.1,0.44,0.2,2.2,6,8,122,960,260,817,1.3,66.9,42.2,3,1.1,,"Sodium"
2002-06-15,2002,"Before","0-12","F8",8.2,0.44,0.1,4.8,2,11,70,1540,859,551,0.2,19.3,8.6,1.2,1.6,,"Sodium"
2002-06-15,2002,"Before","13-24","F8",8.3,0.38,0.1,1.5,1,9,46,1550,836,418,0.5,13.2,3.9,0.8,1.7,16.7,"Sodium"
2002-06-15,2002,"Before","25-36","F8",8.3,0.64,0.1,1.4,1,5,40,1500,812,379,0.6,14.4,4.9,1,0.4,16,"Sodium"
2002-06-15,2002,"Before","37-48","F8",8.2,0.62,0.2,0.4,2,7,48,1390,554,421,0.1,18.7,12.9,1.3,0.5,13.5,"Sodium"
2002-10-16,2002,"During","0-12","F8",8.8,0.4,0.4,12.8,3,16,79,1370,579,1000,0.4,27.2,8.9,1.2,0.5,,"Sodium"
2002-10-16,2002,"During","13-24","F8",8.9,0.4,0.2,7.4,2,25,65,1340,746,898,0.3,22.5,7.6,1,0.3,,"Sodium"
2002-10-16,2002,"During","25-36","F8",8.5,0.4,0.6,13.3,3,29,96,1420,586,993,0.4,30.3,8.8,1.4,0.4,,"Sodium"
2003-06-24,2003,"Before","0-12","F8",8.5,0.76,0.6,0.1,7,7,110,900,387,778,0.7,36.2,36.3,3,,,"Sodium"
2003-06-24,2003,"Before","13-24","F8",8.2,0.82,0.1,4.3,2,7,60,1280,609,544,0.4,19,7,1,,,"Sodium"
2003-06-24,2003,"Before","25-36","F8",8.2,0.58,0.1,3.1,2,7,46,1320,677,475,0.3,17.2,5.7,1,,14.4,"Sodium"
2003-06-24,2003,"Before","37-48","F8",8.1,0.52,0.2,4.1,3,8,62,1360,669,437,0.3,22.8,6.6,1.1,,14.4,"Sodium"
2003-06-24,2003,"Before","0-12","F8",7.1,0.66,2.2,0.5,9,4,328,1630,585,500,1.1,85.5,21.5,4.8,,16,"Sodium"
2003-06-24,2003,"Before","13-24","F8",7.4,0.62,0.9,1.2,4,3,147,2280,822,533,0.5,37.9,13.9,2.3,,,"Sodium"
2003-06-24,2003,"Before","25-36","F8",7.5,0.6,1.5,3.3,5,3,154,2160,777,519,0.4,36.9,9.4,2.8,,,"Sodium"
2003-06-24,2003,"Before","37-48","F8",7.6,0.48,0.4,1.2,6,2,46,1740,589,229,0.3,24,10.6,1.9,,14.7,"Sodium"
2003-09-10,2003,"During","0-12","F8",8.3,0.74,0.7,10.6,9,9,138,950,330,869,0.9,29.2,29.1,1.9,0.6,11.6,"Sodium"
2003-09-10,2003,"During","13-24","F8",8.2,0.62,0.1,2.8,4,7,50,1090,373,711,0.3,17.7,10.4,1.1,0.4,11.8,"Sodium"
2003-09-10,2003,"During","25-36","F8",8.3,0.62,0.1,2.4,5,10,47,1040,333,766,0.2,16.5,11,1.2,0.5,11.4,"Sodium"
2003-09-10,2003,"During","37-48","F8",8,0.68,0.1,3.4,5,8,61,960,322,638,0.3,19.7,10.8,1.3,0.5,10.4,"Sodium"
2003-10-22,2003,"During","0-12","F8",7.3,0.64,1.9,2.8,10,17,238,890,313,697,2.2,65.8,31.1,3.1,0.8,10.7,"Sodium"
2003-10-22,2003,"During","13-24","F8",7.8,0.26,0.3,1.4,6,4,37,1040,324,733,0.2,16.5,7.3,0.9,0.4,11.2,"Sodium"
2003-10-22,2003,"During","25-36","F8",7.7,0.36,0.6,1.5,7,6,59,1010,332,701,0.5,24.7,10.8,1.4,0.5,11,"Sodium"
2003-10-22,2003,"During","37-48","F8",7.2,0.6,1.2,3.4,11,14,214,940,321,650,1.2,54,19.3,3,0.7,10.7,"Sodium"
2004-06-15,2004,"Before","0-12","F8",7.6,0.32,0.2,6.3,7,9,165,890,320,286,0.3,21.4,15.4,1.8,0.8,8.8,"Sodium"
2004-06-15,2004,"Before","13-24","F8",7.7,0.36,0.4,8.5,8,8,202,790,258,429,0.5,27.3,11.8,1.8,0.7,8.5,"Sodium"
2004-06-15,2004,"Before","25-36","F8",7.7,0.36,0.4,6.5,11,8,86,930,317,610,0.4,25.5,13.7,1.4,0.7,10.2,"Sodium"
2004-06-15,2004,"Before","37-48","F8",8,0.38,0.1,4.1,6,12,58,900,294,722,0.3,18.6,11,1.2,0.8,10.2,"Sodium"
